Unique Key,Experiment Name,Recording Name,Square Number,Row Number,Column Number,Label Number,Cell ID,Visible,Square Manually Excluded,Image Excluded,X0,Y0,X1,Y1,Number of Tracks,Variability,Density,Density Ratio,Density Ratio Ori,Tau,R Squared,Median Diffusion Coefficient,Median Diffusion Coefficient Ext,Median Displacement,Max Displacement,Total Displacement,Median Max Speed,Max Max Speed,Median Mean Speed,Max Mean Speed,Max Track Duration,Total Track Duration,Median Track Duration
221012-Exp-1-A1-1-0,221012,221012-Exp-1-A1-1,0,0,0,0,0,false,false,false,0,0,4.1,4.1,0,,,,,,,,,,,,,,,,,,
221012-Exp-1-A1-1-1,221012,221012-Exp-1-A1-1,1,0,1,0,0,false,false,false,4.1,0,8.21,4.1,11,5.88,0.007,54.45,11,,,0.08,0.11,0,0.3,1.1,4.5,9.1,3.2,3.2,1.9,7,0.3
221012-Exp-1-A1-1-2,221012,221012-Exp-1-A1-1,2,0,2,0,0,false,false,false,8.21,0,12.31,4.1,0,,,,,,,,,,,,,,,,,,
221012-Exp-1-A1-1-3,221012,221012-Exp-1-A1-1,3,0,3,0,0,false,false,false,12.31,0,16.42,4.1,0,,,,,,,,,,,,,,,,,,
221012-Exp-1-A1-1-4,221012,221012-Exp-1-A1-1,4,0,4,0,0,false,false,false,16.42,0,20.52,4.1,0,,,,,,,,,,,,,,,,,,
221012-Exp-1-A1-1-5,221012,221012-Exp-1-A1-1,5,0,5,0,0,false,false,false,20.52,0,24.63,4.1,0,,,,,,,,,,,,,,,,,,
221012-Exp-1-A1-1-6,221012,221012-Exp-1-A1-1,6,0,6,0,0,false,false,false,24.63,0,28.73,4.1,0,,,,,,,,,,,,,,,,,,
221012-Exp-1-A1-1-7,221012,221012-Exp-1-A1-1,7,0,7,0,0,false,false,false,28.73,0,32.83,4.1,29,3.42,0.017,143.55,29,,,0.28,0.17,0.2,1.3,9.4,6.4,18.1,3.2,6.4,5.7,23.2,0.4
221012-Exp-1-A1-1-8,221012,221012-Exp-1-A1-1,8,0,8,0,0,true,false,false,32.83,0,36.94,4.1,49,3.52,0.029,242.55,49,128,0.879,0.09,0.09,0.2,3.1,10.8,3.2,16.3,3.2,6.4,77.5,162.3,0.3
221012-Exp-1-A1-1-9,221012,221012-Exp-1-A1-1,9,0,9,1,0,true,false,false,36.94,0,41.04,4.1,89,2.99,0.053,440.55,89,116,0.914,0.13,0.11,0.2,2.2,18.1,4.5,13.2,3.2,10.1,22,121,0.4
221012-Exp-1-A1-1-10,221012,221012-Exp-1-A1-1,10,0,10,2,0,true,false,false,41.04,0,45.15,4.1,23,3.88,0.014,113.85,23,78,0.831,0.16,0.15,0.2,0.4,3.8,4.5,9.1,3.2,9.1,1.2,8.7,0.3
221012-Exp-1-A1-1-11,221012,221012-Exp-1-A1-1,11,0,11,0,0,false,false,false,45.15,0,49.25,4.1,5,8.19,0.003,24.75,5,,,0.12,0.16,0.2,0.4,0.7,4.5,7.2,3.2,4.5,3.4,4.4,0.3
221012-Exp-1-A1-1-12,221012,221012-Exp-1-A1-1,12,0,12,0,0,false,false,false,49.25,0,53.36,4.1,0,,,,,,,,,,,,,,,,,,
221012-Exp-1-A1-1-13,221012,221012-Exp-1-A1-1,13,0,13,0,0,false,false,false,53.36,0,57.46,4.1,0,,,,,,,,,,,,,,,,,,
221012-Exp-1-A1-1-14,221012,221012-Exp-1-A1-1,14,0,14,0,0,false,false,false,57.46,0,61.56,4.1,3,5.69,0.002,14.85,3,,,0.26,0.19,0.2,0.4,0.8,4.5,7.2,4.5,7.2,0.3,0.5,0.1
221012-Exp-1-A1-1-15,221012,221012-Exp-1-A1-1,15,0,15,0,0,false,false,false,61.56,0,65.67,4.1,19,4.19,0.011,94.05,19,,,0.16,0.15,0.2,0.7,4.5,4.5,7.2,3.2,4.5,3.4,9.3,0.2
221012-Exp-1-A1-1-16,221012,221012-Exp-1-A1-1,16,0,16,0,0,false,false,false,65.67,0,69.77,4.1,0,,,,,,,,,,,,,,,,,,
221012-Exp-1-A1-1-17,221012,221012-Exp-1-A1-1,17,0,17,0,0,false,false,false,69.77,0,73.88,4.1,0,,,,,,,,,,,,,,,,,,
221012-Exp-1-A1-1-18,221012,221012-Exp-1-A1-1,18,0,18,0,0,false,false,false,73.88,0,77.98,4.1,0,,,,,,,,,,,,,,,,,,
221012-Exp-1-A1-1-19,221012,221012-Exp-1-A1-1,19,0,19,0,0,false,false,false,77.98,0,82.09,4.1,0,,,,,,,,,,,,,,,,,,
221012-Exp-1-A1-1-20,221012,221012-Exp-1-A1-1,20,1,0,0,0,false,false,false,0,4.1,4.1,8.21,0,,,,,,,,,,,,,,,,,,
221012-Exp-1-A1-1-21,221012,221012-Exp-1-A1-1,21,1,1,3,0,true,false,false,4.1,4.1,8.21,8.21,23,3.42,0.014,113.85,23,26,0.542,0.19,0.19,0.2,0.8,6.6,4.5,13.6,3.2,11.6,1.2,9.4,0.4
221012-Exp-1-A1-1-22,221012,221012-Exp-1-A1-1,22,1,2,0,0,false,false,false,8.21,4.1,12.31,8.21,0,,,,,,,,,,,,,,,,,,
221012-Exp-1-A1-1-23,221012,221012-Exp-1-A1-1,23,1,3,0,0,false,false,false,12.31,4.1,16.42,8.21,0,,,,,,,,,,,,,,,,,,
221012-Exp-1-A1-1-24,221012,221012-Exp-1-A1-1,24,1,4,0,0,false,false,false,16.42,4.1,20.52,8.21,0,,,,,,,,,,,,,,,,,,
221012-Exp-1-A1-1-25,221012,221012-Exp-1-A1-1,25,1,5,0,0,false,false,false,20.52,4.1,24.63,8.21,3,9.95,0.002,14.85,3,,,0.09,0.09,0.2,0.2,0.3,3.2,3.2,1.6,2.3,0.2,0.6,0.2
221012-Exp-1-A1-1-26,221012,221012-Exp-1-A1-1,26,1,6,4,0,true,false,false,24.63,4.1,28.73,8.21,25,6.21,0.015,123.75,25,87,0.854,0.13,0.11,0.2,0.5,4.5,4.5,10.1,3.2,9.6,15.5,53.4,0.5
221012-Exp-1-A1-1-27,221012,221012-Exp-1-A1-1,27,1,7,0,0,false,false,false,28.73,4.1,32.83,8.21,4,6.04,0.002,19.8,4,,,0.05,0.08,0.1,0.2,0.3,3.2,3.2,2.1,3.2,0.3,0.7,0.2
221012-Exp-1-A1-1-28,221012,221012-Exp-1-A1-1,28,1,8,5,0,true,false,false,32.83,4.1,36.94,8.21,46,2.63,0.027,227.7,46,51,0.734,0.33,0.17,0.2,1.6,18.6,7.2,13.6,3.2,7.2,31.4,150.3,0.6
221012-Exp-1-A1-1-29,221012,221012-Exp-1-A1-1,29,1,9,6,0,true,false,false,36.94,4.1,41.04,8.21,158,1.73,0.094,782.1,158,132,0.874,0.19,0.14,0.2,1.3,40,4.5,16.3,3.2,11.6,100,377.1,0.4
221012-Exp-1-A1-1-30,221012,221012-Exp-1-A1-1,30,1,10,7,0,true,false,false,41.04,4.1,45.15,8.21,102,2.93,0.061,504.9,102,116,0.924,0.17,0.13,0.2,0.8,20.9,4.5,13.6,3.2,7.2,100,215.5,0.4
221012-Exp-1-A1-1-31,221012,221012-Exp-1-A1-1,31,1,11,8,0,true,false,false,45.15,4.1,49.25,8.21,35,2.66,0.021,173.25,35,227,0.768,0.32,0.16,0.3,0.7,11,6.4,14.3,3.2,7.2,34.1,99.5,0.6
221012-Exp-1-A1-1-32,221012,221012-Exp-1-A1-1,32,1,12,0,0,false,false,false,49.25,4.1,53.36,8.21,1,9.95,0.001,4.95,1,,,0.15,0.26,0.2,0.2,0.2,6.4,6.4,4.5,4.5,0.3,0.3,0.3
221012-Exp-1-A1-1-33,221012,221012-Exp-1-A1-1,33,1,13,0,0,false,false,false,53.36,4.1,57.46,8.21,0,,,,,,,,,,,,,,,,,,
221012-Exp-1-A1-1-34,221012,221012-Exp-1-A1-1,34,1,14,0,0,false,false,false,57.46,4.1,61.56,8.21,2,7,0.001,9.9,2,,,0.21,0.11,0.2,0.2,0.5,3.9,4.5,3.9,4.5,0.4,0.5,0.2
221012-Exp-1-A1-1-35,221012,221012-Exp-1-A1-1,35,1,15,9,0,true,false,false,61.56,4.1,65.67,8.21,94,1.89,0.056,465.3,94,292,0.792,0.19,0.12,0.2,1.5,23.3,4.5,16,3.2,6.4,24.5,133.2,0.4
221012-Exp-1-A1-1-36,221012,221012-Exp-1-A1-1,36,1,16,10,0,true,false,false,65.67,4.1,69.77,8.21,76,2.19,0.045,376.2,76,278,0.86,0.13,0.12,0.2,19.3,42.6,4.5,13.2,3.2,7.2,16.7,53.9,0.3
221012-Exp-1-A1-1-37,221012,221012-Exp-1-A1-1,37,1,17,0,0,false,false,false,69.77,4.1,73.88,8.21,1,9.95,0.001,4.95,1,,,0.13,0.09,0.2,0.2,0.2,3.2,3.2,3.2,3.2,0.2,0.2,0.2
221012-Exp-1-A1-1-38,221012,221012-Exp-1-A1-1,38,1,18,0,0,false,false,false,73.88,4.1,77.98,8.21,0,,,,,,,,,,,,,,,,,,
221012-Exp-1-A1-1-39,221012,221012-Exp-1-A1-1,39,1,19,0,0,false,false,false,77.98,4.1,82.09,8.21,0,,,,,,,,,,,,,,,,,,
221012-Exp-1-A1-1-40,221012,221012-Exp-1-A1-1,40,2,0,0,0,false,false,false,0,8.21,4.1,12.31,0,,,,,,,,,,,,,,,,,,
221012-Exp-1-A1-1-41,221012,221012-Exp-1-A1-1,41,2,1,0,0,false,false,false,4.1,8.21,8.21,12.31,14,3.5,0.008,69.3,14,,,0.23,0.15,0.2,0.6,3.5,4.5,9.1,3.2,7.2,1,5.7,0.3
221012-Exp-1-A1-1-42,221012,221012-Exp-1-A1-1,42,2,2,0,0,false,false,false,8.21,8.21,12.31,12.31,0,,,,,,,,,,,,,,,,,,
221012-Exp-1-A1-1-43,221012,221012-Exp-1-A1-1,43,2,3,0,0,false,false,false,12.31,8.21,16.42,12.31,1,9.95,0.001,4.95,1,,,0.06,0.13,0,0,0,3.2,3.2,3.2,3.2,0.1,0.1,0.1
221012-Exp-1-A1-1-44,221012,221012-Exp-1-A1-1,44,2,4,0,0,false,false,false,16.42,8.21,20.52,12.31,5,5.2,0.003,24.75,5,,,0.1,0.19,0.2,0.2,0.7,4.5,7.2,3.2,4.5,0.5,1.6,0.4
221012-Exp-1-A1-1-45,221012,221012-Exp-1-A1-1,45,2,5,0,0,false,false,false,20.52,8.21,24.63,12.31,0,,,,,,,,,,,,,,,,,,
221012-Exp-1-A1-1-46,221012,221012-Exp-1-A1-1,46,2,6,11,0,true,false,false,24.63,8.21,28.73,12.31,24,3.39,0.014,118.8,24,38,0.731,0.17,0.13,0.2,0.7,5.2,4.5,11.6,3.2,11.6,2.3,9.5,0.2
221012-Exp-1-A1-1-47,221012,221012-Exp-1-A1-1,47,2,7,0,0,false,false,false,28.73,8.21,32.83,12.31,5,6.56,0.003,24.75,5,,,0.16,0.14,0.2,0.5,1.3,4.5,7.2,3.2,4.5,1.7,3.2,0.5
221012-Exp-1-A1-1-48,221012,221012-Exp-1-A1-1,48,2,8,12,0,true,false,false,32.83,8.21,36.94,12.31,142,2.08,0.084,702.9,142,157,0.848,0.26,0.18,0.2,1.4,46,6.4,18.1,3.2,10.1,16.1,163.8,0.5
221012-Exp-1-A1-1-49,221012,221012-Exp-1-A1-1,49,2,9,13,0,true,false,false,36.94,8.21,41.04,12.31,174,1.88,0.103,861.3,174,222,0.912,0.2,0.17,0.2,1.5,52.2,5.6,17.3,3.2,9.6,47.9,268.6,0.5
221012-Exp-1-A1-1-50,221012,221012-Exp-1-A1-1,50,2,10,14,0,true,false,false,41.04,8.21,45.15,12.31,73,1.97,0.043,361.35,73,26,0.741,0.24,0.17,0.2,1.3,19,6.4,13.6,3.2,7.2,3.4,42.8,0.4
221012-Exp-1-A1-1-51,221012,221012-Exp-1-A1-1,51,2,11,15,0,true,false,false,45.15,8.21,49.25,12.31,40,3.37,0.024,198,40,19,0.896,0.19,0.13,0.2,1.1,9.8,4.5,16,3.2,7.2,6.9,26,0.3
221012-Exp-1-A1-1-52,221012,221012-Exp-1-A1-1,52,2,12,0,0,false,false,false,49.25,8.21,53.36,12.31,5,5.2,0.003,24.75,5,,,0.21,0.09,0.2,0.3,1.1,3.2,3.2,3.2,3.2,0.2,0.8,0.2
221012-Exp-1-A1-1-53,221012,221012-Exp-1-A1-1,53,2,13,0,0,false,false,false,53.36,8.21,57.46,12.31,0,,,,,,,,,,,,,,,,,,
221012-Exp-1-A1-1-54,221012,221012-Exp-1-A1-1,54,2,14,0,0,false,false,false,57.46,8.21,61.56,12.31,0,,,,,,,,,,,,,,,,,,
221012-Exp-1-A1-1-55,221012,221012-Exp-1-A1-1,55,2,15,0,0,false,false,false,61.56,8.21,65.67,12.31,0,,,,,,,,,,,,,,,,,,
221012-Exp-1-A1-1-56,221012,221012-Exp-1-A1-1,56,2,16,16,0,true,false,false,65.67,8.21,69.77,12.31,46,2.77,0.027,227.7,46,159,0.715,0.21,0.13,0.2,1.4,12,4.5,12.8,3.2,7.2,5.5,42.2,0.3
221012-Exp-1-A1-1-57,221012,221012-Exp-1-A1-1,57,2,17,17,0,true,false,false,69.77,8.21,73.88,12.31,67,3.9,0.04,331.65,67,190,0.88,0.13,0.13,0.2,1.2,15.2,4.5,18.1,3.2,4.5,7.2,49.3,0.3
221012-Exp-1-A1-1-58,221012,221012-Exp-1-A1-1,58,2,18,0,0,false,false,false,73.88,8.21,77.98,12.31,10,5.57,0.006,49.5,10,,,0.13,0.08,0.2,0.5,1.8,3.2,7.2,3.2,4.5,1,3.2,0.2
221012-Exp-1-A1-1-59,221012,221012-Exp-1-A1-1,59,2,19,0,0,false,false,false,77.98,8.21,82.09,12.31,0,,,,,,,,,,,,,,,,,,
221012-Exp-1-A1-1-60,221012,221012-Exp-1-A1-1,60,3,0,0,0,false,false,false,0,12.31,4.1,16.42,0,,,,,,,,,,,,,,,,,,
221012-Exp-1-A1-1-61,221012,221012-Exp-1-A1-1,61,3,1,0,0,false,false,false,4.1,12.31,8.21,16.42,9,4.47,0.005,44.55,9,,,0.39,0.16,0.3,2.4,5.1,4.5,10.1,3.2,10.1,8.5,15.2,0.6
221012-Exp-1-A1-1-62,221012,221012-Exp-1-A1-1,62,3,2,0,0,false,false,false,8.21,12.31,12.31,16.42,1,9.95,0.001,4.95,1,,,0.13,0.26,0,0,0,4.5,4.5,4.5,4.5,0.3,0.3,0.3
221012-Exp-1-A1-1-63,221012,221012-Exp-1-A1-1,63,3,3,0,0,false,false,false,12.31,12.31,16.42,16.42,1,9.95,0.001,4.95,1,,,1.41,0.77,0.7,0.7,0.7,10.1,10.1,10.1,10.1,0.1,0.1,0.1
221012-Exp-1-A1-1-64,221012,221012-Exp-1-A1-1,64,3,4,0,0,false,false,false,16.42,12.31,20.52,16.42,0,,,,,,,,,,,,,,,,,,
221012-Exp-1-A1-1-65,221012,221012-Exp-1-A1-1,65,3,5,0,0,false,false,false,20.52,12.31,24.63,16.42,0,,,,,,,,,,,,,,,,,,
221012-Exp-1-A1-1-66,221012,221012-Exp-1-A1-1,66,3,6,0,0,false,false,false,24.63,12.31,28.73,16.42,0,,,,,,,,,,,,,,,,,,
221012-Exp-1-A1-1-67,221012,221012-Exp-1-A1-1,67,3,7,0,0,false,false,false,28.73,12.31,32.83,16.42,1,9.95,0.001,4.95,1,,,0.13,0.13,0.2,0.2,0.2,4.5,4.5,4.5,4.5,0.1,0.1,0.1
221012-Exp-1-A1-1-68,221012,221012-Exp-1-A1-1,68,3,8,18,0,true,false,false,32.83,12.31,36.94,16.42,61,3.64,0.036,301.95,61,172,0.6,0.16,0.12,0.2,1.1,12.8,4.5,13.6,3.2,6.4,30.1,129.3,0.5
221012-Exp-1-A1-1-69,221012,221012-Exp-1-A1-1,69,3,9,19,0,true,false,false,36.94,12.31,41.04,16.42,91,2.2,0.054,450.45,91,231,0.789,0.16,0.13,0.2,3.4,26.8,4.5,13.2,3.2,6.4,18.6,125.5,0.4
221012-Exp-1-A1-1-70,221012,221012-Exp-1-A1-1,70,3,10,0,0,false,false,false,41.04,12.31,45.15,16.42,8,4.9,0.005,39.6,8,,,0.16,0.11,0.2,0.3,1.4,3.9,7.2,2.4,4.5,0.6,2.5,0.3
221012-Exp-1-A1-1-71,221012,221012-Exp-1-A1-1,71,3,11,0,0,false,false,false,45.15,12.31,49.25,16.42,6,4.61,0.004,29.7,6,,,0.17,0.13,0.2,0.2,1,4.5,6.4,2.1,3.2,0.3,1.2,0.2
221012-Exp-1-A1-1-72,221012,221012-Exp-1-A1-1,72,3,12,0,0,false,false,false,49.25,12.31,53.36,16.42,5,5.2,0.003,24.75,5,,,0.17,0.13,0.2,0.4,1.2,4.5,7.2,4.5,7.2,0.2,0.6,0.1
221012-Exp-1-A1-1-73,221012,221012-Exp-1-A1-1,73,3,13,0,0,false,false,false,53.36,12.31,57.46,16.42,6,6.16,0.004,29.7,6,,,0.19,0.13,0.1,0.2,0.7,4.5,6.4,3.2,4.5,0.8,2.4,0.4
221012-Exp-1-A1-1-74,221012,221012-Exp-1-A1-1,74,3,14,0,0,false,false,false,57.46,12.31,61.56,16.42,0,,,,,,,,,,,,,,,,,,
221012-Exp-1-A1-1-75,221012,221012-Exp-1-A1-1,75,3,15,0,0,false,false,false,61.56,12.31,65.67,16.42,0,,,,,,,,,,,,,,,,,,
221012-Exp-1-A1-1-76,221012,221012-Exp-1-A1-1,76,3,16,0,0,false,false,false,65.67,12.31,69.77,16.42,1,9.95,0.001,4.95,1,,,0.13,0.19,0.2,0.2,0.2,4.5,4.5,4.5,4.5,0.1,0.1,0.1
221012-Exp-1-A1-1-77,221012,221012-Exp-1-A1-1,77,3,17,20,0,true,false,false,69.77,12.31,73.88,16.42,46,2.71,0.027,227.7,46,163,0.74,0.17,0.12,0.2,1.7,13,4.5,9.1,3.2,7.2,8.7,39.1,0.3
221012-Exp-1-A1-1-78,221012,221012-Exp-1-A1-1,78,3,18,21,0,true,false,false,73.88,12.31,77.98,16.42,51,2.03,0.03,252.45,51,99,0.892,0.19,0.13,0.2,5.3,20.4,4.5,14.3,3.2,7.2,10.2,41.6,0.2
221012-Exp-1-A1-1-79,221012,221012-Exp-1-A1-1,79,3,19,0,0,false,false,false,77.98,12.31,82.09,16.42,10,4.58,0.006,49.5,10,,,0.16,0.16,0.2,1.9,3.6,4.5,7.2,3.2,6.4,0.8,4.2,0.4
221012-Exp-1-A1-1-80,221012,221012-Exp-1-A1-1,80,4,0,22,0,true,false,false,0,16.42,4.1,20.52,38,3.6,0.023,188.1,38,143,0.89,0.14,0.13,0.2,1,7.7,4.5,10.1,3.2,7.2,11.5,50.8,0.3
221012-Exp-1-A1-1-81,221012,221012-Exp-1-A1-1,81,4,1,23,0,true,false,false,4.1,16.42,8.21,20.52,49,2.68,0.029,242.55,49,58,0.962,0.19,0.18,0.2,0.6,10.8,4.5,11.6,3.2,10.1,2.4,16.2,0.2
221012-Exp-1-A1-1-82,221012,221012-Exp-1-A1-1,82,4,2,0,0,false,false,false,8.21,16.42,12.31,20.52,9,6.5,0.005,44.55,9,,,0.19,0.15,0.4,1.1,2.9,4.5,9.6,3.2,7.2,1.3,3.8,0.3
221012-Exp-1-A1-1-83,221012,221012-Exp-1-A1-1,83,4,3,0,0,false,false,false,12.31,16.42,16.42,20.52,0,,,,,,,,,,,,,,,,,,
221012-Exp-1-A1-1-84,221012,221012-Exp-1-A1-1,84,4,4,0,0,false,false,false,16.42,16.42,20.52,20.52,0,,,,,,,,,,,,,,,,,,
221012-Exp-1-A1-1-85,221012,221012-Exp-1-A1-1,85,4,5,0,0,false,false,false,20.52,16.42,24.63,20.52,0,,,,,,,,,,,,,,,,,,
221012-Exp-1-A1-1-86,221012,221012-Exp-1-A1-1,86,4,6,0,0,false,false,false,24.63,16.42,28.73,20.52,0,,,,,,,,,,,,,,,,,,
221012-Exp-1-A1-1-87,221012,221012-Exp-1-A1-1,87,4,7,24,0,true,false,false,28.73,16.42,32.83,20.52,39,3.71,0.023,193.05,39,51,0.669,0.64,0.37,0.4,1.5,20.4,9.6,16,4.5,7.2,23.3,56.7,0.6
221012-Exp-1-A1-1-88,221012,221012-Exp-1-A1-1,88,4,8,25,0,true,false,false,32.83,16.42,36.94,20.52,44,2.26,0.026,217.8,44,160,0.775,0.32,0.17,0.3,5.2,21.3,6.8,16,3.2,7.2,85.5,145.6,0.5
221012-Exp-1-A1-1-89,221012,221012-Exp-1-A1-1,89,4,9,26,0,true,false,false,36.94,16.42,41.04,20.52,162,1.4,0.096,801.9,162,146,0.902,0.19,0.13,0.2,2.3,50.4,4.5,13.2,3.2,10.1,8.8,106.4,0.3
221012-Exp-1-A1-1-90,221012,221012-Exp-1-A1-1,90,4,10,0,0,false,false,false,41.04,16.42,45.15,20.52,1,9.95,0.001,4.95,1,,,0.06,0.06,0.2,0.2,0.2,3.2,3.2,3.2,3.2,0.1,0.1,0.1
221012-Exp-1-A1-1-91,221012,221012-Exp-1-A1-1,91,4,11,0,0,false,false,false,45.15,16.42,49.25,20.52,4,4.9,0.002,19.8,4,,,0.13,0.12,0.2,0.7,1.1,3.2,4.5,3.2,3.2,0.4,0.8,0.2
221012-Exp-1-A1-1-92,221012,221012-Exp-1-A1-1,92,4,12,27,0,true,false,false,49.25,16.42,53.36,20.52,103,2.96,0.061,509.85,103,239,0.842,0.26,0.15,0.2,2.3,38.8,4.5,16,3.2,10.1,5.9,94.7,0.4
221012-Exp-1-A1-1-93,221012,221012-Exp-1-A1-1,93,4,13,28,0,true,false,false,53.36,16.42,57.46,20.52,151,2.12,0.09,747.45,151,239,0.922,0.19,0.13,0.2,1.8,46.6,4.5,17.3,3.2,9.1,31,190.2,0.4
221012-Exp-1-A1-1-94,221012,221012-Exp-1-A1-1,94,4,14,0,0,false,false,false,57.46,16.42,61.56,20.52,0,,,,,,,,,,,,,,,,,,
221012-Exp-1-A1-1-95,221012,221012-Exp-1-A1-1,95,4,15,0,0,false,false,false,61.56,16.42,65.67,20.52,0,,,,,,,,,,,,,,,,,,
221012-Exp-1-A1-1-96,221012,221012-Exp-1-A1-1,96,4,16,0,0,false,false,false,65.67,16.42,69.77,20.52,1,9.95,0.001,4.95,1,,,0,0,0,0,0,0,0,0,0,0.2,0.2,0.2
221012-Exp-1-A1-1-97,221012,221012-Exp-1-A1-1,97,4,17,0,0,false,false,false,69.77,16.42,73.88,20.52,1,9.95,0.001,4.95,1,,,0.06,0.13,0,0,0,3.2,3.2,3.2,3.2,0.1,0.1,0.1
221012-Exp-1-A1-1-98,221012,221012-Exp-1-A1-1,98,4,18,29,0,true,false,false,73.88,16.42,77.98,20.52,69,3.49,0.041,341.55,69,184,0.972,0.19,0.13,0.2,3.5,21.5,4.5,13.2,3.2,9.6,18.7,80.5,0.3
221012-Exp-1-A1-1-99,221012,221012-Exp-1-A1-1,99,4,19,30,0,true,false,false,77.98,16.42,82.09,20.52,63,1.95,0.037,311.85,63,299,0.774,0.23,0.13,0.2,4.3,29.6,4.5,16,3.2,11.6,11.9,81.1,0.6
221012-Exp-1-A1-1-100,221012,221012-Exp-1-A1-1,100,5,0,31,0,true,false,false,0,20.52,4.1,24.63,60,4.84,0.036,297,60,161,0.796,0.13,0.13,0.2,0.5,7.5,4.5,10.1,3.2,10.1,8.5,52.9,0.4
221012-Exp-1-A1-1-101,221012,221012-Exp-1-A1-1,101,5,1,32,0,true,false,false,4.1,20.52,8.21,24.63,40,3.98,0.024,198,40,219,0.686,0.13,0.13,0.2,2.6,10.7,4.5,10.1,3.2,6.4,23.4,59.1,0.3
221012-Exp-1-A1-1-102,221012,221012-Exp-1-A1-1,102,5,2,33,0,true,false,false,8.21,20.52,12.31,24.63,57,3.61,0.034,282.15,57,256,0.822,0.15,0.11,0.2,1,12.9,4.5,11.6,3.2,6.4,9.7,52.6,0.3
221012-Exp-1-A1-1-103,221012,221012-Exp-1-A1-1,103,5,3,0,0,false,false,false,12.31,20.52,16.42,24.63,0,,,,,,,,,,,,,,,,,,
221012-Exp-1-A1-1-104,221012,221012-Exp-1-A1-1,104,5,4,0,0,false,false,false,16.42,20.52,20.52,24.63,0,,,,,,,,,,,,,,,,,,
221012-Exp-1-A1-1-105,221012,221012-Exp-1-A1-1,105,5,5,0,0,false,false,false,20.52,20.52,24.63,24.63,0,,,,,,,,,,,,,,,,,,
221012-Exp-1-A1-1-106,221012,221012-Exp-1-A1-1,106,5,6,0,0,false,false,false,24.63,20.52,28.73,24.63,0,,,,,,,,,,,,,,,,,,
221012-Exp-1-A1-1-107,221012,221012-Exp-1-A1-1,107,5,7,34,0,true,false,false,28.73,20.52,32.83,24.63,62,1.97,0.037,306.9,62,199,0.801,0.21,0.16,0.2,3,23.8,5.5,16.3,3.2,10.1,19,71,0.4
221012-Exp-1-A1-1-108,221012,221012-Exp-1-A1-1,108,5,8,35,0,true,false,false,32.83,20.52,36.94,24.63,115,2.35,0.068,569.25,115,68,0.829,0.19,0.13,0.2,2.2,30.6,4.5,17.3,3.2,7.2,6.5,79.8,0.4
221012-Exp-1-A1-1-109,221012,221012-Exp-1-A1-1,109,5,9,36,0,true,false,false,36.94,20.52,41.04,24.63,178,1.32,0.106,881.1,178,192,0.89,0.24,0.13,0.2,2.9,61.6,4.5,16.3,3.2,10.1,82.4,211,0.4
221012-Exp-1-A1-1-110,221012,221012-Exp-1-A1-1,110,5,10,0,0,false,false,false,41.04,20.52,45.15,24.63,7,5.05,0.004,34.65,7,,,0.28,0.16,0.4,0.5,2.3,6.4,7.2,3.2,4.5,0.7,2.5,0.3
221012-Exp-1-A1-1-111,221012,221012-Exp-1-A1-1,111,5,11,37,0,true,false,false,45.15,20.52,49.25,24.63,63,2.62,0.037,311.85,63,43,0.939,0.16,0.09,0.2,6,25.2,4.5,7.2,2.3,6.4,6.5,40,0.3
221012-Exp-1-A1-1-112,221012,221012-Exp-1-A1-1,112,5,12,38,0,true,false,false,49.25,20.52,53.36,24.63,117,2.81,0.069,579.15,117,146,0.88,0.19,0.13,0.2,6,37.8,4.5,14.3,3.2,9.1,9.5,89.9,0.3
221012-Exp-1-A1-1-113,221012,221012-Exp-1-A1-1,113,5,13,39,0,true,false,false,53.36,20.52,57.46,24.63,196,1.67,0.116,970.2,196,298,0.845,0.18,0.1,0.2,2.1,67.1,4.5,18.1,3.2,10.1,90.4,394.8,0.6
221012-Exp-1-A1-1-114,221012,221012-Exp-1-A1-1,114,5,14,40,0,true,false,false,57.46,20.52,61.56,24.63,138,2.39,0.082,683.1,138,275,0.818,0.17,0.13,0.2,2.2,42.3,4.5,18.1,3.2,10.1,12.6,159.7,0.5
221012-Exp-1-A1-1-115,221012,221012-Exp-1-A1-1,115,5,15,0,0,false,false,false,61.56,20.52,65.67,24.63,0,,,,,,,,,,,,,,,,,,
221012-Exp-1-A1-1-116,221012,221012-Exp-1-A1-1,116,5,16,0,0,false,false,false,65.67,20.52,69.77,24.63,1,9.95,0.001,4.95,1,,,0.09,0.13,0.2,0.2,0.2,4.5,4.5,3.2,3.2,0.5,0.5,0.5
221012-Exp-1-A1-1-117,221012,221012-Exp-1-A1-1,117,5,17,0,0,false,false,false,69.77,20.52,73.88,24.63,1,9.95,0.001,4.95,1,,,0.13,0.13,0.2,0.2,0.2,4.5,4.5,4.5,4.5,0.1,0.1,0.1
221012-Exp-1-A1-1-118,221012,221012-Exp-1-A1-1,118,5,18,0,0,false,false,false,73.88,20.52,77.98,24.63,0,,,,,,,,,,,,,,,,,,
221012-Exp-1-A1-1-119,221012,221012-Exp-1-A1-1,119,5,19,41,0,true,false,false,77.98,20.52,82.09,24.63,64,2.26,0.038,316.8,64,289,0.772,0.2,0.13,0.2,2.6,24.8,4.5,16.3,3.2,7.2,16.6,70.4,0.4
221012-Exp-1-A1-1-120,221012,221012-Exp-1-A1-1,120,6,0,0,0,false,false,false,0,24.63,4.1,28.73,11,4.96,0.007,54.45,11,,,0.09,0.1,0.2,0.2,1.4,3.2,6.4,3.2,6.4,0.8,3.4,0.3
221012-Exp-1-A1-1-121,221012,221012-Exp-1-A1-1,121,6,1,0,0,false,false,false,4.1,24.63,8.21,28.73,16,5.13,0.009,79.2,16,,,0.16,0.13,0.2,0.5,2.9,4.5,7.2,3.2,7.2,1.4,6,0.2
221012-Exp-1-A1-1-122,221012,221012-Exp-1-A1-1,122,6,2,42,0,true,false,false,8.21,24.63,12.31,28.73,77,3.19,0.046,381.15,77,143,0.879,0.13,0.13,0.2,0.7,13.6,4.5,11.6,3.2,7.2,4.8,42.2,0.3
221012-Exp-1-A1-1-123,221012,221012-Exp-1-A1-1,123,6,3,0,0,false,false,false,12.31,24.63,16.42,28.73,9,4.99,0.005,44.55,9,,,0.3,0.08,0.2,3.1,6.8,4.5,10.1,1.6,3.2,10.5,27.5,1.3
221012-Exp-1-A1-1-124,221012,221012-Exp-1-A1-1,124,6,4,43,0,true,false,false,16.42,24.63,20.52,28.73,40,2.5,0.024,198,40,24,0.956,0.13,0.1,0.2,2.4,7.8,3.9,11.6,3.2,6.4,72,104.6,0.2
221012-Exp-1-A1-1-125,221012,221012-Exp-1-A1-1,125,6,5,0,0,false,false,false,20.52,24.63,24.63,28.73,26,3.25,0.015,128.7,26,,,0.17,0.18,0.2,0.6,5.6,4.5,11.6,3.2,11.6,1.3,9.2,0.3
221012-Exp-1-A1-1-126,221012,221012-Exp-1-A1-1,126,6,6,44,0,true,false,false,24.63,24.63,28.73,28.73,55,2.98,0.033,272.25,55,132,0.903,0.13,0.13,0.2,1.1,11.8,4.5,11.6,3.2,7.2,2.8,22.8,0.3
221012-Exp-1-A1-1-127,221012,221012-Exp-1-A1-1,127,6,7,45,0,true,false,false,28.73,24.63,32.83,28.73,154,1.31,0.091,762.3,154,205,0.907,0.25,0.15,0.2,2,57.6,4.8,17.3,3.2,7.2,71.1,262.4,0.4
221012-Exp-1-A1-1-128,221012,221012-Exp-1-A1-1,128,6,8,46,0,true,false,false,32.83,24.63,36.94,28.73,40,3.43,0.024,198,40,57,0.886,0.13,0.13,0.2,0.7,7.4,4.5,16,3.2,7.2,4.9,20.5,0.2
221012-Exp-1-A1-1-129,221012,221012-Exp-1-A1-1,129,6,9,47,0,true,false,false,36.94,24.63,41.04,28.73,140,1.78,0.083,693,140,133,0.902,0.17,0.13,0.2,2.2,43.2,4.5,17.3,3.2,7.2,13.8,130.6,0.3
221012-Exp-1-A1-1-130,221012,221012-Exp-1-A1-1,130,6,10,48,0,true,false,false,41.04,24.63,45.15,28.73,52,4.66,0.031,257.4,52,210,0.728,0.13,0.13,0.2,5.2,17.3,4.5,10.1,3.2,4.5,2.5,25.8,0.4
221012-Exp-1-A1-1-131,221012,221012-Exp-1-A1-1,131,6,11,49,0,true,false,false,45.15,24.63,49.25,28.73,68,1.55,0.04,336.6,68,282,0.547,0.26,0.13,0.3,4.2,39.4,4.5,16.3,3.2,7.2,10.5,56.2,0.5
221012-Exp-1-A1-1-132,221012,221012-Exp-1-A1-1,132,6,12,50,0,true,false,false,49.25,24.63,53.36,28.73,105,1.7,0.062,519.75,105,247,0.918,0.18,0.13,0.2,1.4,30.3,4.5,18.1,3.2,7.2,2.3,46,0.3
221012-Exp-1-A1-1-133,221012,221012-Exp-1-A1-1,133,6,13,51,0,true,false,false,53.36,24.63,57.46,28.73,212,1.6,0.126,1049.4,212,179,0.963,0.21,0.14,0.2,3.5,75.5,4.5,17.3,3.2,9.6,19.2,220.2,0.4
221012-Exp-1-A1-1-134,221012,221012-Exp-1-A1-1,134,6,14,52,0,true,false,false,57.46,24.63,61.56,28.73,227,1.3,0.135,1123.65,227,331,0.822,0.19,0.12,0.2,2.1,69.2,4.5,17.3,3.2,7.2,19.4,399.7,0.6
221012-Exp-1-A1-1-135,221012,221012-Exp-1-A1-1,135,6,15,0,0,false,false,false,61.56,24.63,65.67,28.73,0,,,,,,,,,,,,,,,,,,
221012-Exp-1-A1-1-136,221012,221012-Exp-1-A1-1,136,6,16,0,0,false,false,false,65.67,24.63,69.77,28.73,0,,,,,,,,,,,,,,,,,,
221012-Exp-1-A1-1-137,221012,221012-Exp-1-A1-1,137,6,17,0,0,false,false,false,69.77,24.63,73.88,28.73,1,9.95,0.001,4.95,1,,,0.18,0.08,0.2,0.2,0.2,3.2,3.2,3.2,3.2,0.3,0.3,0.3
221012-Exp-1-A1-1-138,221012,221012-Exp-1-A1-1,138,6,18,0,0,false,false,false,73.88,24.63,77.98,28.73,0,,,,,,,,,,,,,,,,,,
221012-Exp-1-A1-1-139,221012,221012-Exp-1-A1-1,139,6,19,0,0,false,false,false,77.98,24.63,82.09,28.73,1,9.95,0.001,4.95,1,,,0.36,0.21,0.3,0.3,0.3,6.4,6.4,3.2,3.2,0.4,0.4,0.4
221012-Exp-1-A1-1-140,221012,221012-Exp-1-A1-1,140,7,0,0,0,false,false,false,0,28.73,4.1,32.83,3,5.69,0.002,14.85,3,,,2.9,0.06,0.8,1.6,2.9,4.5,6.4,0,0,75.5,98.2,15.3
221012-Exp-1-A1-1-141,221012,221012-Exp-1-A1-1,141,7,1,0,0,false,false,false,4.1,28.73,8.21,32.83,13,2.81,0.008,64.35,13,,,0.26,0.18,0.3,14.7,19.3,6.4,7.2,3.2,6.4,20.4,36.9,0.3
221012-Exp-1-A1-1-142,221012,221012-Exp-1-A1-1,142,7,2,53,0,true,false,false,8.21,28.73,12.31,32.83,58,1.92,0.034,287.1,58,196,0.857,0.31,0.19,0.2,1.3,16.7,5.9,17.3,3.2,7.2,62.2,106.7,0.3
221012-Exp-1-A1-1-143,221012,221012-Exp-1-A1-1,143,7,3,54,0,true,false,false,12.31,28.73,16.42,32.83,31,3.5,0.018,153.45,31,34,0.871,0.19,0.13,0.2,2,10.3,4.5,14.3,3.2,7.2,28.6,85.6,0.4
221012-Exp-1-A1-1-144,221012,221012-Exp-1-A1-1,144,7,4,55,0,true,false,false,16.42,28.73,20.52,32.83,65,4,0.039,321.75,65,95,0.89,0.13,0.1,0.2,0.6,10.2,4.5,10.1,3.2,4.5,2.7,26.8,0.3
221012-Exp-1-A1-1-145,221012,221012-Exp-1-A1-1,145,7,5,56,0,true,false,false,20.52,28.73,24.63,32.83,106,3.93,0.063,524.7,106,477,0.845,0.09,0.09,0.2,0.4,12.5,3.2,7.2,3.2,4.5,1.4,43.8,0.4
221012-Exp-1-A1-1-146,221012,221012-Exp-1-A1-1,146,7,6,57,0,true,false,false,24.63,28.73,28.73,32.83,86,2.12,0.051,425.7,86,53,0.839,0.15,0.12,0.2,2.6,23,4.5,11.6,3.2,7.2,9.6,100.9,0.3
221012-Exp-1-A1-1-147,221012,221012-Exp-1-A1-1,147,7,7,58,0,true,false,false,28.73,28.73,32.83,32.83,121,1.61,0.072,598.95,121,120,0.904,0.27,0.15,0.2,2.6,43,4.5,14.3,3.2,9.6,35.6,167.1,0.5
221012-Exp-1-A1-1-148,221012,221012-Exp-1-A1-1,148,7,8,59,0,true,false,false,32.83,28.73,36.94,32.83,73,2.75,0.043,361.35,73,200,0.656,0.16,0.13,0.2,1.7,18.5,4.5,18.1,3.2,7.2,5.3,50.2,0.3
221012-Exp-1-A1-1-149,221012,221012-Exp-1-A1-1,149,7,9,60,0,true,false,false,36.94,28.73,41.04,32.83,80,2.27,0.047,396,80,213,0.918,0.21,0.13,0.2,2.7,29.3,4.5,12.8,3.2,10.1,10.7,61.9,0.3
221012-Exp-1-A1-1-150,221012,221012-Exp-1-A1-1,150,7,10,61,0,true,false,false,41.04,28.73,45.15,32.83,20,4.58,0.012,99,20,110,0.763,0.22,0.14,0.2,1.1,6.5,4.5,12.8,3.2,4.5,14.8,29.3,0.4
221012-Exp-1-A1-1-151,221012,221012-Exp-1-A1-1,151,7,11,62,0,true,false,false,45.15,28.73,49.25,32.83,151,1.49,0.09,747.45,151,258,0.879,0.17,0.13,0.2,4,42.6,4.5,17.3,3.2,9.6,5.3,105.5,0.4
221012-Exp-1-A1-1-152,221012,221012-Exp-1-A1-1,152,7,12,63,0,true,false,false,49.25,28.73,53.36,32.83,128,1.47,0.076,633.6,128,214,0.896,0.15,0.11,0.2,2,32.5,4.5,13.6,3.2,6.4,12.2,127.8,0.3
221012-Exp-1-A1-1-153,221012,221012-Exp-1-A1-1,153,7,13,64,0,true,false,false,53.36,28.73,57.46,32.83,65,2.56,0.039,321.75,65,216,0.813,0.18,0.13,0.2,1.8,17.8,4.5,17.3,3.2,7.2,15.8,66.8,0.4
221012-Exp-1-A1-1-154,221012,221012-Exp-1-A1-1,154,7,14,65,0,true,false,false,57.46,28.73,61.56,32.83,264,1.33,0.157,1306.8,264,253,0.833,0.18,0.1,0.2,4,90.7,4.5,17.3,3.2,11.6,42.6,435,0.5
221012-Exp-1-A1-1-155,221012,221012-Exp-1-A1-1,155,7,15,0,0,false,false,false,61.56,28.73,65.67,32.83,2,9.95,0.001,9.9,2,,,0.34,0.12,0.3,0.4,0.5,4.8,6.4,0.5,1.1,1.3,1.6,0.8
221012-Exp-1-A1-1-156,221012,221012-Exp-1-A1-1,156,7,16,0,0,false,false,false,65.67,28.73,69.77,32.83,0,,,,,,,,,,,,,,,,,,
221012-Exp-1-A1-1-157,221012,221012-Exp-1-A1-1,157,7,17,0,0,false,false,false,69.77,28.73,73.88,32.83,0,,,,,,,,,,,,,,,,,,
221012-Exp-1-A1-1-158,221012,221012-Exp-1-A1-1,158,7,18,0,0,false,false,false,73.88,28.73,77.98,32.83,0,,,,,,,,,,,,,,,,,,
221012-Exp-1-A1-1-159,221012,221012-Exp-1-A1-1,159,7,19,0,0,false,false,false,77.98,28.73,82.09,32.83,5,9.95,0.003,24.75,5,,,0.1,0.12,0.2,0.2,0.6,4.5,4.5,3.2,3.2,1,3.9,0.9
221012-Exp-1-A1-1-160,221012,221012-Exp-1-A1-1,160,8,0,66,0,true,false,false,0,32.83,4.1,36.94,29,2.35,0.017,143.55,29,24,0.922,0.17,0.1,0.2,7.7,18.9,4.5,10.1,3.2,4.5,59.9,96.7,0.3
221012-Exp-1-A1-1-161,221012,221012-Exp-1-A1-1,161,8,1,67,0,true,false,false,4.1,32.83,8.21,36.94,20,2.45,0.012,99,20,88,0.954,0.45,0.2,0.4,6.2,21.2,5.5,11.6,3.2,9.6,23.4,36.1,0.2
221012-Exp-1-A1-1-162,221012,221012-Exp-1-A1-1,162,8,2,68,0,true,false,false,8.21,32.83,12.31,36.94,76,1.95,0.045,376.2,76,196,0.954,0.22,0.13,0.2,1.2,20.6,4.5,16,3.2,10.1,10.4,48.8,0.3
221012-Exp-1-A1-1-163,221012,221012-Exp-1-A1-1,163,8,3,69,0,true,false,false,12.31,32.83,16.42,36.94,153,1.3,0.091,757.35,153,128,0.822,0.17,0.11,0.2,1.9,40.1,4.5,16,3.2,7.2,21,187.7,0.3
221012-Exp-1-A1-1-164,221012,221012-Exp-1-A1-1,164,8,4,70,0,true,false,false,16.42,32.83,20.52,36.94,138,1.75,0.082,683.1,138,281,0.918,0.18,0.13,0.2,2,36.9,4.5,16.3,3.2,10.1,66.6,180.4,0.4
221012-Exp-1-A1-1-165,221012,221012-Exp-1-A1-1,165,8,5,71,0,true,false,false,20.52,32.83,24.63,36.94,57,3.18,0.034,282.15,57,206,0.625,0.1,0.09,0.2,4.5,23.8,4.5,10.1,3.2,4.5,32.3,108.1,0.5
221012-Exp-1-A1-1-166,221012,221012-Exp-1-A1-1,166,8,6,72,0,true,false,false,24.63,32.83,28.73,36.94,82,3.41,0.049,405.9,82,85,0.886,0.17,0.13,0.2,1.8,18,4.5,17.3,3.2,7.2,7.2,49.7,0.3
221012-Exp-1-A1-1-167,221012,221012-Exp-1-A1-1,167,8,7,73,0,true,false,false,28.73,32.83,32.83,36.94,158,2.29,0.094,782.1,158,121,0.876,0.13,0.13,0.2,3.8,34.1,4.5,13.2,3.2,9.1,12.1,123.9,0.3
221012-Exp-1-A1-1-168,221012,221012-Exp-1-A1-1,168,8,8,74,0,true,false,false,32.83,32.83,36.94,36.94,94,2.06,0.056,465.3,94,160,0.93,0.16,0.13,0.2,1.1,22.3,4.5,16,3.2,4.5,13.1,76.7,0.3
221012-Exp-1-A1-1-169,221012,221012-Exp-1-A1-1,169,8,9,75,0,true,false,false,36.94,32.83,41.04,36.94,69,1.54,0.041,341.55,69,110,0.786,0.18,0.13,0.2,3.2,22.9,4.5,17.3,3.2,6.4,5.4,52,0.3
221012-Exp-1-A1-1-170,221012,221012-Exp-1-A1-1,170,8,10,76,0,true,false,false,41.04,32.83,45.15,36.94,121,2.21,0.072,598.95,121,151,0.894,0.13,0.12,0.2,2,30.9,4.5,16.3,3.2,9.6,29.6,222.7,0.5
221012-Exp-1-A1-1-171,221012,221012-Exp-1-A1-1,171,8,11,77,0,true,false,false,45.15,32.83,49.25,36.94,113,1.49,0.067,559.35,113,29,0.884,0.16,0.15,0.2,2.1,31.8,4.5,17.3,3.2,8.2,8.7,81.3,0.3
221012-Exp-1-A1-1-172,221012,221012-Exp-1-A1-1,172,8,12,78,0,true,false,false,49.25,32.83,53.36,36.94,119,2.04,0.071,589.05,119,197,0.972,0.19,0.12,0.2,1.2,31.8,4.5,16,3.2,9.1,39.5,148,0.3
221012-Exp-1-A1-1-173,221012,221012-Exp-1-A1-1,173,8,13,0,0,false,false,false,53.36,32.83,57.46,36.94,88,2.1,0.052,435.6,88,,,0.13,0.11,0.2,1,17.1,4.5,11.6,3.2,7.2,3.4,56.9,0.4
221012-Exp-1-A1-1-174,221012,221012-Exp-1-A1-1,174,8,14,79,0,true,false,false,57.46,32.83,61.56,36.94,175,1.57,0.104,866.25,175,149,0.928,0.28,0.14,0.2,2.4,66.7,5.1,16,3.2,11.6,35,268.1,0.5
221012-Exp-1-A1-1-175,221012,221012-Exp-1-A1-1,175,8,15,80,0,true,false,false,61.56,32.83,65.67,36.94,74,2.37,0.044,366.3,74,29,0.911,0.16,0.13,0.2,4.5,24.2,4.5,16.3,3.2,10.1,21.2,97.5,0.4
221012-Exp-1-A1-1-176,221012,221012-Exp-1-A1-1,176,8,16,0,0,false,false,false,65.67,32.83,69.77,36.94,0,,,,,,,,,,,,,,,,,,
221012-Exp-1-A1-1-177,221012,221012-Exp-1-A1-1,177,8,17,0,0,false,false,false,69.77,32.83,73.88,36.94,0,,,,,,,,,,,,,,,,,,
221012-Exp-1-A1-1-178,221012,221012-Exp-1-A1-1,178,8,18,0,0,false,false,false,73.88,32.83,77.98,36.94,1,9.95,0.001,4.95,1,,,0.13,0.19,0.2,0.2,0.2,4.5,4.5,4.5,4.5,0.1,0.1,0.1
221012-Exp-1-A1-1-179,221012,221012-Exp-1-A1-1,179,8,19,0,0,false,false,false,77.98,32.83,82.09,36.94,0,,,,,,,,,,,,,,,,,,
221012-Exp-1-A1-1-180,221012,221012-Exp-1-A1-1,180,9,0,81,0,true,false,false,0,36.94,4.1,41.04,20,2.55,0.012,99,20,58,0.76,0.14,0.13,0.2,2,8.4,4.2,13.2,3.2,4.5,10.6,23.4,0.3
221012-Exp-1-A1-1-181,221012,221012-Exp-1-A1-1,181,9,1,82,0,true,false,false,4.1,36.94,8.21,41.04,61,2.54,0.036,301.95,61,45,0.952,0.19,0.11,0.2,2.4,19.6,4.5,16.3,3.2,11.6,39,125.2,0.3
221012-Exp-1-A1-1-182,221012,221012-Exp-1-A1-1,182,9,2,83,0,true,false,false,8.21,36.94,12.31,41.04,28,2.48,0.017,138.6,28,39,0.807,0.24,0.12,0.2,1.5,11.2,4.5,11.6,3.2,9.1,15.9,63.2,0.3
221012-Exp-1-A1-1-183,221012,221012-Exp-1-A1-1,183,9,3,84,0,true,false,false,12.31,36.94,16.42,41.04,97,2.03,0.058,480.15,97,171,0.811,0.19,0.1,0.2,3,29.3,4.5,14.3,3.2,10.1,56.7,363.7,0.6
221012-Exp-1-A1-1-184,221012,221012-Exp-1-A1-1,184,9,4,85,0,true,false,false,16.42,36.94,20.52,41.04,140,1.74,0.083,693,140,86,0.879,0.19,0.12,0.2,3,45.3,4.5,16.3,3.2,10.1,19.1,163,0.5
221012-Exp-1-A1-1-185,221012,221012-Exp-1-A1-1,185,9,5,86,0,true,false,false,20.52,36.94,24.63,41.04,137,1.51,0.081,678.15,137,75,0.8,0.19,0.13,0.2,5,44.1,4.5,14.3,3.2,10.1,20.5,163.6,0.4
221012-Exp-1-A1-1-186,221012,221012-Exp-1-A1-1,186,9,6,87,0,true,false,false,24.63,36.94,28.73,41.04,165,1.94,0.098,816.75,165,184,0.75,0.17,0.13,0.2,1.4,40.9,4.5,16,3.2,10.1,13.9,136.7,0.4
221012-Exp-1-A1-1-187,221012,221012-Exp-1-A1-1,187,9,7,88,0,true,false,false,28.73,36.94,32.83,41.04,48,2.33,0.028,237.6,48,353,0.839,0.14,0.13,0.2,4.1,15.5,4.5,17.3,3.2,6.4,37.9,69.5,0.3
221012-Exp-1-A1-1-188,221012,221012-Exp-1-A1-1,188,9,8,89,0,true,false,false,32.83,36.94,36.94,41.04,102,1.47,0.061,504.9,102,91,0.792,0.16,0.13,0.2,1.3,26.1,4.5,14.3,3.2,6.4,3,50.2,0.3
221012-Exp-1-A1-1-189,221012,221012-Exp-1-A1-1,189,9,9,90,0,true,false,false,36.94,36.94,41.04,41.04,128,1.73,0.076,633.6,128,142,0.859,0.15,0.11,0.2,4.1,37.4,4.5,17.3,3.2,11.6,23,174.5,0.3
221012-Exp-1-A1-1-190,221012,221012-Exp-1-A1-1,190,9,10,91,0,true,false,false,41.04,36.94,45.15,41.04,178,1.48,0.106,881.1,178,327,0.826,0.18,0.13,0.2,1.9,54.4,4.5,17.3,3.2,11.6,45.3,364,0.5
221012-Exp-1-A1-1-191,221012,221012-Exp-1-A1-1,191,9,11,92,0,true,false,false,45.15,36.94,49.25,41.04,111,1.68,0.066,549.45,111,185,0.949,0.18,0.13,0.2,1.3,27.2,4.5,13.2,3.2,9.1,29.3,134.6,0.3
221012-Exp-1-A1-1-192,221012,221012-Exp-1-A1-1,192,9,12,93,0,true,false,false,49.25,36.94,53.36,41.04,209,1.49,0.124,1034.55,209,240,0.899,0.21,0.17,0.2,2.5,60.7,5.8,17.3,3.2,10.1,20.6,191.6,0.4
221012-Exp-1-A1-1-193,221012,221012-Exp-1-A1-1,193,9,13,94,0,true,false,false,53.36,36.94,57.46,41.04,56,3.14,0.033,277.2,56,114,0.788,0.13,0.1,0.2,1,10.7,4.5,14.3,3.2,4.5,21.9,67.2,0.3
221012-Exp-1-A1-1-194,221012,221012-Exp-1-A1-1,194,9,14,95,0,true,false,false,57.46,36.94,61.56,41.04,105,2.25,0.062,519.75,105,376,0.759,0.22,0.11,0.2,3.6,44.3,6.4,16,3.2,7.2,34.9,269.5,0.5
221012-Exp-1-A1-1-195,221012,221012-Exp-1-A1-1,195,9,15,96,0,true,false,false,61.56,36.94,65.67,41.04,140,1.65,0.083,693,140,198,0.794,0.2,0.11,0.2,3,55.7,4.5,16.3,3.2,10.1,44.3,365.4,0.8
221012-Exp-1-A1-1-196,221012,221012-Exp-1-A1-1,196,9,16,0,0,false,false,false,65.67,36.94,69.77,41.04,0,,,,,,,,,,,,,,,,,,
221012-Exp-1-A1-1-197,221012,221012-Exp-1-A1-1,197,9,17,0,0,false,false,false,69.77,36.94,73.88,41.04,1,9.95,0.001,4.95,1,,,0.13,0.06,0.2,0.2,0.2,3.2,3.2,3.2,3.2,0.1,0.1,0.1
221012-Exp-1-A1-1-198,221012,221012-Exp-1-A1-1,198,9,18,0,0,false,false,false,73.88,36.94,77.98,41.04,1,9.95,0.001,4.95,1,,,0.06,0.13,0,0,0,3.2,3.2,3.2,3.2,0.1,0.1,0.1
221012-Exp-1-A1-1-199,221012,221012-Exp-1-A1-1,199,9,19,0,0,false,false,false,77.98,36.94,82.09,41.04,0,,,,,,,,,,,,,,,,,,
221012-Exp-1-A1-1-200,221012,221012-Exp-1-A1-1,200,10,0,0,0,false,false,false,0,41.04,4.1,45.15,3,7.39,0.002,14.85,3,,,0.13,0.13,0.2,1.1,1.3,4.5,7.2,2.3,4.5,2.5,2.7,0.1
221012-Exp-1-A1-1-201,221012,221012-Exp-1-A1-1,201,10,1,97,0,true,false,false,4.1,41.04,8.21,45.15,117,3.08,0.069,579.15,117,281,0.759,0.13,0.13,0.2,1,22.5,4.5,16,3.2,10.1,18.5,121.8,0.5
221012-Exp-1-A1-1-202,221012,221012-Exp-1-A1-1,202,10,2,98,0,true,false,false,8.21,41.04,12.31,45.15,49,3.35,0.029,242.55,49,325,0.686,0.13,0.13,0.2,0.8,8.8,4.5,11.6,3.2,7.2,2.1,24.3,0.3
221012-Exp-1-A1-1-203,221012,221012-Exp-1-A1-1,203,10,3,0,0,false,false,false,12.31,41.04,16.42,45.15,16,4.48,0.009,79.2,16,,,0.12,0.13,0.2,0.2,1.7,4.5,11.6,3.2,4.5,7.3,16.8,0.5
221012-Exp-1-A1-1-204,221012,221012-Exp-1-A1-1,204,10,4,0,0,false,false,false,16.42,41.04,20.52,45.15,2,7,0.001,9.9,2,,,0.25,0.17,0.4,0.5,0.7,5.9,7.2,2.4,3.2,1.9,2.2,1.1
221012-Exp-1-A1-1-205,221012,221012-Exp-1-A1-1,205,10,5,0,0,false,false,false,20.52,41.04,24.63,45.15,0,,,,,,,,,,,,,,,,,,
221012-Exp-1-A1-1-206,221012,221012-Exp-1-A1-1,206,10,6,0,0,false,false,false,24.63,41.04,28.73,45.15,1,9.95,0.001,4.95,1,,,0,0,0,0,0,0,0,0,0,0.1,0.1,0.1
221012-Exp-1-A1-1-207,221012,221012-Exp-1-A1-1,207,10,7,99,0,true,false,false,28.73,41.04,32.83,45.15,98,2.49,0.058,485.1,98,143,0.91,0.13,0.12,0.2,1.2,21,4.5,17.3,3.2,6.4,3.9,67.6,0.3
221012-Exp-1-A1-1-208,221012,221012-Exp-1-A1-1,208,10,8,100,0,true,false,false,32.83,41.04,36.94,45.15,214,1.93,0.127,1059.3,214,119,0.877,0.15,0.13,0.2,1.9,54.3,4.5,17.3,3.2,11.6,7.5,175.9,0.4
221012-Exp-1-A1-1-209,221012,221012-Exp-1-A1-1,209,10,9,101,0,true,false,false,36.94,41.04,41.04,45.15,171,1.73,0.102,846.45,171,175,0.927,0.26,0.17,0.2,1.9,60.4,6.4,18.1,3.2,9.1,13.1,189.6,0.4
221012-Exp-1-A1-1-210,221012,221012-Exp-1-A1-1,210,10,10,102,0,true,false,false,41.04,41.04,45.15,45.15,97,1.79,0.058,480.15,97,174,0.956,0.17,0.13,0.2,1.9,22.8,4.5,14.3,3.2,10.1,23.3,72.9,0.3
221012-Exp-1-A1-1-211,221012,221012-Exp-1-A1-1,211,10,11,103,0,true,false,false,45.15,41.04,49.25,45.15,66,2.28,0.039,326.7,66,41,0.874,0.14,0.12,0.2,0.7,11.2,4.5,16,3.2,7.2,42.4,73.3,0.3
221012-Exp-1-A1-1-212,221012,221012-Exp-1-A1-1,212,10,12,104,0,true,false,false,49.25,41.04,53.36,45.15,229,1.16,0.136,1133.55,229,216,0.879,0.19,0.14,0.2,3,64.3,4.5,18.1,3.2,11.6,19.9,239.1,0.4
221012-Exp-1-A1-1-213,221012,221012-Exp-1-A1-1,213,10,13,105,0,true,false,false,53.36,41.04,57.46,45.15,118,2.36,0.07,584.1,118,225,0.702,0.18,0.13,0.2,1.3,29.5,4.5,17.3,3.2,7.2,15.1,130,0.3
221012-Exp-1-A1-1-214,221012,221012-Exp-1-A1-1,214,10,14,106,0,true,false,false,57.46,41.04,61.56,45.15,84,2.92,0.05,415.8,84,173,0.836,0.14,0.13,0.2,0.5,14.3,4.5,14.3,3.2,11.6,3.1,42.4,0.3
221012-Exp-1-A1-1-215,221012,221012-Exp-1-A1-1,215,10,15,107,0,true,false,false,61.56,41.04,65.67,45.15,168,1.35,0.1,831.6,168,179,0.863,0.21,0.13,0.2,2.2,57.6,4.5,16.3,3.2,9.6,14.1,188.7,0.4
221012-Exp-1-A1-1-216,221012,221012-Exp-1-A1-1,216,10,16,0,0,false,false,false,65.67,41.04,69.77,45.15,1,9.95,0.001,4.95,1,,,0.21,0.17,0.2,0.2,0.2,4.5,4.5,3.2,3.2,0.2,0.2,0.2
221012-Exp-1-A1-1-217,221012,221012-Exp-1-A1-1,217,10,17,0,0,false,false,false,69.77,41.04,73.88,45.15,0,,,,,,,,,,,,,,,,,,
221012-Exp-1-A1-1-218,221012,221012-Exp-1-A1-1,218,10,18,0,0,false,false,false,73.88,41.04,77.98,45.15,1,9.95,0.001,4.95,1,,,0.11,0.21,0,0,0,4.5,4.5,4.5,4.5,0.4,0.4,0.4
221012-Exp-1-A1-1-219,221012,221012-Exp-1-A1-1,219,10,19,0,0,false,false,false,77.98,41.04,82.09,45.15,1,9.95,0.001,4.95,1,,,0,0,0,0,0,0,0,0,0,0.2,0.2,0.2
221012-Exp-1-A1-1-220,221012,221012-Exp-1-A1-1,220,11,0,0,0,false,false,false,0,45.15,4.1,49.25,0,,,,,,,,,,,,,,,,,,
221012-Exp-1-A1-1-221,221012,221012-Exp-1-A1-1,221,11,1,0,0,false,false,false,4.1,45.15,8.21,49.25,7,9.95,0.004,34.65,7,,,0.13,0.06,0.2,0.4,1,3.2,7.2,3.2,6.4,0.6,1.6,0.2
221012-Exp-1-A1-1-222,221012,221012-Exp-1-A1-1,222,11,2,0,0,false,false,false,8.21,45.15,12.31,49.25,0,,,,,,,,,,,,,,,,,,
221012-Exp-1-A1-1-223,221012,221012-Exp-1-A1-1,223,11,3,0,0,false,false,false,12.31,45.15,16.42,49.25,0,,,,,,,,,,,,,,,,,,
221012-Exp-1-A1-1-224,221012,221012-Exp-1-A1-1,224,11,4,0,0,false,false,false,16.42,45.15,20.52,49.25,0,,,,,,,,,,,,,,,,,,
221012-Exp-1-A1-1-225,221012,221012-Exp-1-A1-1,225,11,5,0,0,false,false,false,20.52,45.15,24.63,49.25,0,,,,,,,,,,,,,,,,,,
221012-Exp-1-A1-1-226,221012,221012-Exp-1-A1-1,226,11,6,0,0,false,false,false,24.63,45.15,28.73,49.25,0,,,,,,,,,,,,,,,,,,
221012-Exp-1-A1-1-227,221012,221012-Exp-1-A1-1,227,11,7,108,0,true,false,false,28.73,45.15,32.83,49.25,108,1.65,0.064,534.6,108,201,0.937,0.17,0.13,0.2,0.9,21.6,4.5,13.6,3.2,7.2,11.7,91.2,0.3
221012-Exp-1-A1-1-228,221012,221012-Exp-1-A1-1,228,11,8,109,0,true,false,false,32.83,45.15,36.94,49.25,227,1.22,0.135,1123.65,227,211,0.927,0.23,0.13,0.2,1.4,70.2,6.4,17.3,3.2,7.2,31.1,394.5,0.5
221012-Exp-1-A1-1-229,221012,221012-Exp-1-A1-1,229,11,9,110,0,true,false,false,36.94,45.15,41.04,49.25,208,1.47,0.123,1029.6,208,152,0.956,0.15,0.13,0.2,2,62.1,4.5,18.1,3.2,9.1,18.9,314.1,0.4
221012-Exp-1-A1-1-230,221012,221012-Exp-1-A1-1,230,11,10,111,0,true,false,false,41.04,45.15,45.15,49.25,98,2.3,0.058,485.1,98,108,0.871,0.16,0.12,0.2,1.5,24.4,4.5,11.6,3.2,10.1,17.3,120.3,0.4
221012-Exp-1-A1-1-231,221012,221012-Exp-1-A1-1,231,11,11,112,0,true,false,false,45.15,45.15,49.25,49.25,144,1.52,0.085,712.8,144,61,0.846,0.17,0.12,0.2,1.3,32.5,4.5,13.6,3.2,7.2,14,135.2,0.4
221012-Exp-1-A1-1-232,221012,221012-Exp-1-A1-1,232,11,12,113,0,true,false,false,49.25,45.15,53.36,49.25,117,1.91,0.069,579.15,117,96,0.877,0.15,0.13,0.2,1.5,32.4,4.5,13.2,3.2,7.2,5.4,82.4,0.4
221012-Exp-1-A1-1-233,221012,221012-Exp-1-A1-1,233,11,13,114,0,true,false,false,53.36,45.15,57.46,49.25,70,3.53,0.042,346.5,70,34,0.695,0.13,0.13,0.2,0.9,13.8,4.5,10.1,3.2,7.2,5,38.7,0.3
221012-Exp-1-A1-1-234,221012,221012-Exp-1-A1-1,234,11,14,115,0,true,false,false,57.46,45.15,61.56,49.25,57,3.37,0.034,282.15,57,165,0.704,0.13,0.13,0.2,0.7,10.4,4.5,11.6,3.2,7.2,3.2,35,0.3
221012-Exp-1-A1-1-235,221012,221012-Exp-1-A1-1,235,11,15,116,0,true,false,false,61.56,45.15,65.67,49.25,183,1.45,0.109,905.85,183,135,0.946,0.17,0.13,0.2,1.3,44.6,4.5,17.3,3.2,10.1,6.3,140.4,0.3
221012-Exp-1-A1-1-236,221012,221012-Exp-1-A1-1,236,11,16,117,0,true,false,false,65.67,45.15,69.77,49.25,29,3.1,0.017,143.55,29,125,0.803,0.18,0.13,0.2,1,6.6,4.5,18.1,3.2,9.1,7.6,30.1,0.3
221012-Exp-1-A1-1-237,221012,221012-Exp-1-A1-1,237,11,17,0,0,false,false,false,69.77,45.15,73.88,49.25,0,,,,,,,,,,,,,,,,,,
221012-Exp-1-A1-1-238,221012,221012-Exp-1-A1-1,238,11,18,0,0,false,false,false,73.88,45.15,77.98,49.25,0,,,,,,,,,,,,,,,,,,
221012-Exp-1-A1-1-239,221012,221012-Exp-1-A1-1,239,11,19,0,0,false,false,false,77.98,45.15,82.09,49.25,0,,,,,,,,,,,,,,,,,,
221012-Exp-1-A1-1-240,221012,221012-Exp-1-A1-1,240,12,0,0,0,false,false,false,0,49.25,4.1,53.36,0,,,,,,,,,,,,,,,,,,
221012-Exp-1-A1-1-241,221012,221012-Exp-1-A1-1,241,12,1,0,0,false,false,false,4.1,49.25,8.21,53.36,0,,,,,,,,,,,,,,,,,,
221012-Exp-1-A1-1-242,221012,221012-Exp-1-A1-1,242,12,2,0,0,false,false,false,8.21,49.25,12.31,53.36,0,,,,,,,,,,,,,,,,,,
221012-Exp-1-A1-1-243,221012,221012-Exp-1-A1-1,243,12,3,0,0,false,false,false,12.31,49.25,16.42,53.36,0,,,,,,,,,,,,,,,,,,
221012-Exp-1-A1-1-244,221012,221012-Exp-1-A1-1,244,12,4,0,0,false,false,false,16.42,49.25,20.52,53.36,0,,,,,,,,,,,,,,,,,,
221012-Exp-1-A1-1-245,221012,221012-Exp-1-A1-1,245,12,5,0,0,false,false,false,20.52,49.25,24.63,53.36,0,,,,,,,,,,,,,,,,,,
221012-Exp-1-A1-1-246,221012,221012-Exp-1-A1-1,246,12,6,0,0,false,false,false,24.63,49.25,28.73,53.36,1,9.95,0.001,4.95,1,,,0.19,0.13,0.2,0.2,0.2,3.2,3.2,3.2,3.2,0.1,0.1,0.1
221012-Exp-1-A1-1-247,221012,221012-Exp-1-A1-1,247,12,7,118,0,true,false,false,28.73,49.25,32.83,53.36,105,2.01,0.062,519.75,105,106,0.882,0.17,0.11,0.2,1.9,32.3,4.5,14.3,3.2,7.2,12.2,117.1,0.5
221012-Exp-1-A1-1-248,221012,221012-Exp-1-A1-1,248,12,8,119,0,true,false,false,32.83,49.25,36.94,53.36,116,1.65,0.069,574.2,116,209,0.782,0.15,0.13,0.2,1.8,29.5,4.5,16.3,3.2,11.6,19.4,101.6,0.3
221012-Exp-1-A1-1-249,221012,221012-Exp-1-A1-1,249,12,9,120,0,true,false,false,36.94,49.25,41.04,53.36,166,1.28,0.099,821.7,166,185,0.862,0.22,0.13,0.2,1.3,47.9,4.5,17.3,3.2,11.6,25.5,154,0.4
221012-Exp-1-A1-1-250,221012,221012-Exp-1-A1-1,250,12,10,121,0,true,false,false,41.04,49.25,45.15,53.36,105,2.16,0.062,519.75,105,92,0.954,0.17,0.13,0.2,1.2,23.4,4.5,18.1,3.2,10.1,7,79.1,0.3
221012-Exp-1-A1-1-251,221012,221012-Exp-1-A1-1,251,12,11,122,0,true,false,false,45.15,49.25,49.25,53.36,189,1.44,0.112,935.55,189,161,0.814,0.22,0.15,0.2,1.8,54.9,4.5,16.3,3.2,9.6,11.7,172.1,0.4
221012-Exp-1-A1-1-252,221012,221012-Exp-1-A1-1,252,12,12,123,0,true,false,false,49.25,49.25,53.36,53.36,128,1.64,0.076,633.6,128,255,0.86,0.15,0.13,0.2,1.3,29.4,4.5,16.3,3.2,9.6,27.6,160.6,0.4
221012-Exp-1-A1-1-253,221012,221012-Exp-1-A1-1,253,12,13,124,0,true,false,false,53.36,49.25,57.46,53.36,83,2.07,0.049,410.85,83,46,0.893,0.13,0.11,0.2,1.8,18.4,4.5,11.6,3.2,9.6,79.6,243.8,0.3
221012-Exp-1-A1-1-254,221012,221012-Exp-1-A1-1,254,12,14,125,0,true,false,false,57.46,49.25,61.56,53.36,37,5.84,0.022,183.15,37,249,0.727,0.1,0.09,0.2,0.3,5,4.5,7.2,3.2,4.5,3.9,20.2,0.3
221012-Exp-1-A1-1-255,221012,221012-Exp-1-A1-1,255,12,15,126,0,true,false,false,61.56,49.25,65.67,53.36,65,2.77,0.039,321.75,65,113,0.868,0.13,0.11,0.2,1.2,12.9,4.5,11.6,3.2,9.6,1.9,26.2,0.3
221012-Exp-1-A1-1-256,221012,221012-Exp-1-A1-1,256,12,16,127,0,true,false,false,65.67,49.25,69.77,53.36,81,2.31,0.048,400.95,81,150,0.883,0.13,0.12,0.2,0.6,11.4,4.5,13.2,3.2,7.2,3.9,46.6,0.3
221012-Exp-1-A1-1-257,221012,221012-Exp-1-A1-1,257,12,17,0,0,false,false,false,69.77,49.25,73.88,53.36,0,,,,,,,,,,,,,,,,,,
221012-Exp-1-A1-1-258,221012,221012-Exp-1-A1-1,258,12,18,0,0,false,false,false,73.88,49.25,77.98,53.36,0,,,,,,,,,,,,,,,,,,
221012-Exp-1-A1-1-259,221012,221012-Exp-1-A1-1,259,12,19,0,0,false,false,false,77.98,49.25,82.09,53.36,2,7,0.001,9.9,2,,,0.15,0.16,0.2,0.2,0.4,5.2,7.2,3.2,3.2,0.2,0.3,0.2
221012-Exp-1-A1-1-260,221012,221012-Exp-1-A1-1,260,13,0,0,0,false,false,false,0,53.36,4.1,57.46,0,,,,,,,,,,,,,,,,,,
221012-Exp-1-A1-1-261,221012,221012-Exp-1-A1-1,261,13,1,0,0,false,false,false,4.1,53.36,8.21,57.46,0,,,,,,,,,,,,,,,,,,
221012-Exp-1-A1-1-262,221012,221012-Exp-1-A1-1,262,13,2,0,0,false,false,false,8.21,53.36,12.31,57.46,0,,,,,,,,,,,,,,,,,,
221012-Exp-1-A1-1-263,221012,221012-Exp-1-A1-1,263,13,3,0,0,false,false,false,12.31,53.36,16.42,57.46,0,,,,,,,,,,,,,,,,,,
221012-Exp-1-A1-1-264,221012,221012-Exp-1-A1-1,264,13,4,0,0,false,false,false,16.42,53.36,20.52,57.46,0,,,,,,,,,,,,,,,,,,
221012-Exp-1-A1-1-265,221012,221012-Exp-1-A1-1,265,13,5,0,0,false,false,false,20.52,53.36,24.63,57.46,0,,,,,,,,,,,,,,,,,,
221012-Exp-1-A1-1-266,221012,221012-Exp-1-A1-1,266,13,6,0,0,false,false,false,24.63,53.36,28.73,57.46,10,9,0.006,49.5,10,,,0.18,0.11,0.2,0.5,2.2,4.5,9.6,3.2,9.6,1.1,4.7,0.4
221012-Exp-1-A1-1-267,221012,221012-Exp-1-A1-1,267,13,7,128,0,true,false,false,28.73,53.36,32.83,57.46,95,2.88,0.056,470.25,95,122,0.946,0.09,0.09,0.2,0.7,12.5,3.2,10.1,3.2,7.2,3.8,39.5,0.2
221012-Exp-1-A1-1-268,221012,221012-Exp-1-A1-1,268,13,8,129,0,true,false,false,32.83,53.36,36.94,57.46,150,1.5,0.089,742.5,150,95,0.863,0.13,0.11,0.2,1.3,34.1,4.5,16,3.2,9.6,22.7,157.5,0.3
221012-Exp-1-A1-1-269,221012,221012-Exp-1-A1-1,269,13,9,130,0,true,false,false,36.94,53.36,41.04,57.46,74,2.11,0.044,366.3,74,135,0.799,0.14,0.12,0.2,0.9,17.1,4.5,11.6,3.2,7.2,12,81.1,0.4
221012-Exp-1-A1-1-270,221012,221012-Exp-1-A1-1,270,13,10,131,0,true,false,false,41.04,53.36,45.15,57.46,207,1.35,0.123,1024.65,207,164,0.906,0.17,0.13,0.2,1.3,53.2,4.5,17.3,3.2,10.1,22.8,240.5,0.3
221012-Exp-1-A1-1-271,221012,221012-Exp-1-A1-1,271,13,11,132,0,true,false,false,45.15,53.36,49.25,57.46,57,3.36,0.034,282.15,57,127,0.783,0.16,0.13,0.2,1.1,13.9,4.5,16.3,3.2,10.1,14.7,65,0.4
221012-Exp-1-A1-1-272,221012,221012-Exp-1-A1-1,272,13,12,0,0,false,false,false,49.25,53.36,53.36,57.46,33,2.81,0.02,163.35,33,,,0.13,0.1,0.2,1.2,6.3,3.2,9.6,3.2,6.4,41.9,69.5,0.3
221012-Exp-1-A1-1-273,221012,221012-Exp-1-A1-1,273,13,13,133,0,true,false,false,53.36,53.36,57.46,57.46,54,5.07,0.032,267.3,54,61,0.882,0.1,0.12,0.2,0.9,8.1,3.2,14.3,3.2,7.2,8.7,26.1,0.3
221012-Exp-1-A1-1-274,221012,221012-Exp-1-A1-1,274,13,14,0,0,false,false,false,57.46,53.36,61.56,57.46,10,3.61,0.006,49.5,10,,,0.29,0.25,0.4,1.7,5.5,5.9,16.3,3.2,4.5,2.4,6.5,0.5
221012-Exp-1-A1-1-275,221012,221012-Exp-1-A1-1,275,13,15,134,0,true,false,false,61.56,53.36,65.67,57.46,105,2.43,0.062,519.75,105,46,0.698,0.19,0.13,0.2,1.8,30.3,4.5,16.3,3.2,9.6,6.1,92.1,0.6
221012-Exp-1-A1-1-276,221012,221012-Exp-1-A1-1,276,13,16,135,0,true,false,false,65.67,53.36,69.77,57.46,124,1.95,0.074,613.8,124,52,0.912,0.17,0.13,0.2,1.2,34.1,4.5,17.3,3.2,10.1,7.1,97.6,0.4
221012-Exp-1-A1-1-277,221012,221012-Exp-1-A1-1,277,13,17,136,0,true,false,false,69.77,53.36,73.88,57.46,32,6.14,0.019,158.4,32,203,0.694,0.29,0.21,0.2,1.1,9.2,6.4,16.3,3.2,7.2,2.6,20.6,0.4
221012-Exp-1-A1-1-278,221012,221012-Exp-1-A1-1,278,13,18,0,0,false,false,false,73.88,53.36,77.98,57.46,1,9.95,0.001,4.95,1,,,0.06,0.13,0,0,0,3.2,3.2,3.2,3.2,0.1,0.1,0.1
221012-Exp-1-A1-1-279,221012,221012-Exp-1-A1-1,279,13,19,0,0,false,false,false,77.98,53.36,82.09,57.46,2,7,0.001,9.9,2,,,0.08,0.08,0.1,0.2,0.2,3.2,3.2,3.2,3.2,0.2,0.3,0.2
221012-Exp-1-A1-1-280,221012,221012-Exp-1-A1-1,280,14,0,0,0,false,false,false,0,57.46,4.1,61.56,0,,,,,,,,,,,,,,,,,,
221012-Exp-1-A1-1-281,221012,221012-Exp-1-A1-1,281,14,1,0,0,false,false,false,4.1,57.46,8.21,61.56,0,,,,,,,,,,,,,,,,,,
221012-Exp-1-A1-1-282,221012,221012-Exp-1-A1-1,282,14,2,0,0,false,false,false,8.21,57.46,12.31,61.56,0,,,,,,,,,,,,,,,,,,
221012-Exp-1-A1-1-283,221012,221012-Exp-1-A1-1,283,14,3,0,0,false,false,false,12.31,57.46,16.42,61.56,0,,,,,,,,,,,,,,,,,,
221012-Exp-1-A1-1-284,221012,221012-Exp-1-A1-1,284,14,4,0,0,false,false,false,16.42,57.46,20.52,61.56,0,,,,,,,,,,,,,,,,,,
221012-Exp-1-A1-1-285,221012,221012-Exp-1-A1-1,285,14,5,0,0,false,false,false,20.52,57.46,24.63,61.56,0,,,,,,,,,,,,,,,,,,
221012-Exp-1-A1-1-286,221012,221012-Exp-1-A1-1,286,14,6,0,0,false,false,false,24.63,57.46,28.73,61.56,52,9.19,0.031,257.4,52,,,0.12,0.13,0.2,0.7,7,4.5,11.6,3.2,10.1,6,31.3,0.3
221012-Exp-1-A1-1-287,221012,221012-Exp-1-A1-1,287,14,7,137,0,true,false,false,28.73,57.46,32.83,61.56,98,3.14,0.058,485.1,98,262,0.746,0.13,0.13,0.2,1.1,15,4.5,11.6,3.2,11.6,11.6,81,0.4
221012-Exp-1-A1-1-288,221012,221012-Exp-1-A1-1,288,14,8,138,0,true,false,false,32.83,57.46,36.94,61.56,63,2.51,0.037,311.85,63,206,0.664,0.13,0.13,0.2,0.9,13.9,4.5,10.1,3.2,10.1,9.2,50.1,0.3
221012-Exp-1-A1-1-289,221012,221012-Exp-1-A1-1,289,14,9,139,0,true,false,false,36.94,57.46,41.04,61.56,72,3.56,0.043,356.4,72,205,0.658,0.13,0.13,0.2,1,16.3,4.5,16,3.2,10.1,9.5,100.9,0.6
221012-Exp-1-A1-1-290,221012,221012-Exp-1-A1-1,290,14,10,140,0,true,false,false,41.04,57.46,45.15,61.56,33,5.44,0.02,163.35,33,76,0.803,0.18,0.19,0.2,0.9,4.8,4.5,16,3.2,10.1,1.6,12.1,0.2
221012-Exp-1-A1-1-291,221012,221012-Exp-1-A1-1,291,14,11,0,0,false,false,false,45.15,57.46,49.25,61.56,0,,,,,,,,,,,,,,,,,,
221012-Exp-1-A1-1-292,221012,221012-Exp-1-A1-1,292,14,12,0,0,false,false,false,49.25,57.46,53.36,61.56,0,,,,,,,,,,,,,,,,,,
221012-Exp-1-A1-1-293,221012,221012-Exp-1-A1-1,293,14,13,141,0,true,false,false,53.36,57.46,57.46,61.56,27,3.43,0.016,133.65,27,176,0.479,0.15,0.11,0.2,0.8,5.2,4.5,9.1,3.2,4.5,5.3,25.7,0.4
221012-Exp-1-A1-1-294,221012,221012-Exp-1-A1-1,294,14,14,142,0,true,false,false,57.46,57.46,61.56,61.56,42,3.39,0.025,207.9,42,124,0.844,0.13,0.13,0.2,0.8,7.7,4.5,11.6,3.2,6.4,4.8,32,0.3
221012-Exp-1-A1-1-295,221012,221012-Exp-1-A1-1,295,14,15,143,0,true,false,false,61.56,57.46,65.67,61.56,101,1.92,0.06,499.95,101,142,0.93,0.13,0.13,0.2,1.3,25.1,4.5,16,3.2,10.1,21.3,106.7,0.3
221012-Exp-1-A1-1-296,221012,221012-Exp-1-A1-1,296,14,16,144,0,true,false,false,65.67,57.46,69.77,61.56,53,1.93,0.031,262.35,53,117,0.603,0.18,0.12,0.2,4.5,25.6,4.5,14.3,3.2,7.2,72.1,137.5,0.6
221012-Exp-1-A1-1-297,221012,221012-Exp-1-A1-1,297,14,17,145,0,true,false,false,69.77,57.46,73.88,61.56,59,2.49,0.035,292.05,59,165,0.899,0.19,0.17,0.2,1.2,17.5,4.5,16,3.2,7.2,6.1,65.9,0.3
221012-Exp-1-A1-1-298,221012,221012-Exp-1-A1-1,298,14,18,0,0,false,false,false,73.88,57.46,77.98,61.56,1,9.95,0.001,4.95,1,,,0,0,0,0,0,0,0,0,0,0.1,0.1,0.1
221012-Exp-1-A1-1-299,221012,221012-Exp-1-A1-1,299,14,19,0,0,false,false,false,77.98,57.46,82.09,61.56,1,9.95,0.001,4.95,1,,,0.13,0.19,0,0,0,4.5,4.5,4.5,4.5,0.2,0.2,0.2
221012-Exp-1-A1-1-300,221012,221012-Exp-1-A1-1,300,15,0,0,0,false,false,false,0,61.56,4.1,65.67,1,9.95,0.001,4.95,1,,,0.06,0.13,0,0,0,4.5,4.5,4.5,4.5,0.2,0.2,0.2
221012-Exp-1-A1-1-301,221012,221012-Exp-1-A1-1,301,15,1,0,0,false,false,false,4.1,61.56,8.21,65.67,1,9.95,0.001,4.95,1,,,0,0,0,0,0,0,0,0,0,0.1,0.1,0.1
221012-Exp-1-A1-1-302,221012,221012-Exp-1-A1-1,302,15,2,0,0,false,false,false,8.21,61.56,12.31,65.67,0,,,,,,,,,,,,,,,,,,
221012-Exp-1-A1-1-303,221012,221012-Exp-1-A1-1,303,15,3,0,0,false,false,false,12.31,61.56,16.42,65.67,2,9.95,0.001,9.9,2,,,0.1,0.08,0.1,0.2,0.2,3.2,3.2,3.2,3.2,0.7,1,0.5
221012-Exp-1-A1-1-304,221012,221012-Exp-1-A1-1,304,15,4,0,0,false,false,false,16.42,61.56,20.52,65.67,0,,,,,,,,,,,,,,,,,,
221012-Exp-1-A1-1-305,221012,221012-Exp-1-A1-1,305,15,5,0,0,false,false,false,20.52,61.56,24.63,65.67,1,9.95,0.001,4.95,1,,,0.17,0.13,0.2,0.2,0.2,4.5,4.5,3.2,3.2,0.2,0.2,0.2
221012-Exp-1-A1-1-306,221012,221012-Exp-1-A1-1,306,15,6,0,0,false,false,false,24.63,61.56,28.73,65.67,1,9.95,0.001,4.95,1,,,0.13,0.13,0.2,0.2,0.2,4.5,4.5,3.2,3.2,0.5,0.5,0.5
221012-Exp-1-A1-1-307,221012,221012-Exp-1-A1-1,307,15,7,0,0,false,false,false,28.73,61.56,32.83,65.67,1,9.95,0.001,4.95,1,,,0.28,0.13,0.2,0.2,0.2,4.5,4.5,3.2,3.2,1.3,1.3,1.3
221012-Exp-1-A1-1-308,221012,221012-Exp-1-A1-1,308,15,8,0,0,false,false,false,32.83,61.56,36.94,65.67,1,9.95,0.001,4.95,1,,,0,0,0,0,0,0,0,0,0,0.1,0.1,0.1
221012-Exp-1-A1-1-309,221012,221012-Exp-1-A1-1,309,15,9,0,0,false,false,false,36.94,61.56,41.04,65.67,0,,,,,,,,,,,,,,,,,,
221012-Exp-1-A1-1-310,221012,221012-Exp-1-A1-1,310,15,10,0,0,false,false,false,41.04,61.56,45.15,65.67,1,9.95,0.001,4.95,1,,,0.13,0.32,0.2,0.2,0.2,6.4,6.4,6.4,6.4,0.1,0.1,0.1
221012-Exp-1-A1-1-311,221012,221012-Exp-1-A1-1,311,15,11,0,0,false,false,false,45.15,61.56,49.25,65.67,2,7,0.001,9.9,2,,,0.12,0.08,0.1,0.2,0.2,3.2,3.2,3.2,3.2,0.4,0.5,0.3
221012-Exp-1-A1-1-312,221012,221012-Exp-1-A1-1,312,15,12,0,0,false,false,false,49.25,61.56,53.36,65.67,4,6.04,0.002,19.8,4,,,0.15,0.11,0.2,0.2,0.6,3.9,4.5,3.2,4.5,0.3,0.7,0.2
221012-Exp-1-A1-1-313,221012,221012-Exp-1-A1-1,313,15,13,0,0,false,false,false,53.36,61.56,57.46,65.67,1,9.95,0.001,4.95,1,,,0,0,0,0,0,0,0,0,0,0.1,0.1,0.1
221012-Exp-1-A1-1-314,221012,221012-Exp-1-A1-1,314,15,14,0,0,false,false,false,57.46,61.56,61.56,65.67,19,4.81,0.011,94.05,19,,,0.09,0.11,0,0.5,1.9,4.5,10.1,3.2,4.5,2.1,10.2,0.4
221012-Exp-1-A1-1-315,221012,221012-Exp-1-A1-1,315,15,15,146,0,true,false,false,61.56,61.56,65.67,65.67,61,2.47,0.036,301.95,61,129,0.758,0.13,0.13,0.2,0.7,9.5,4.5,11.6,3.2,7.2,10.1,41.9,0.3
221012-Exp-1-A1-1-316,221012,221012-Exp-1-A1-1,316,15,16,0,0,false,false,false,65.67,61.56,69.77,65.67,11,3.38,0.007,54.45,11,,,0.26,0.13,0.2,0.4,2.2,4.5,7.2,3.2,7.2,2,5.3,0.2
221012-Exp-1-A1-1-317,221012,221012-Exp-1-A1-1,317,15,17,147,0,true,false,false,69.77,61.56,73.88,65.67,35,4.74,0.021,173.25,35,346,0.706,0.13,0.17,0.2,0.6,6,6.4,14.3,3.2,7.2,18,55.9,0.5
221012-Exp-1-A1-1-318,221012,221012-Exp-1-A1-1,318,15,18,0,0,false,false,false,73.88,61.56,77.98,65.67,0,,,,,,,,,,,,,,,,,,
221012-Exp-1-A1-1-319,221012,221012-Exp-1-A1-1,319,15,19,0,0,false,false,false,77.98,61.56,82.09,65.67,0,,,,,,,,,,,,,,,,,,
221012-Exp-1-A1-1-320,221012,221012-Exp-1-A1-1,320,16,0,0,0,false,false,false,0,65.67,4.1,69.77,0,,,,,,,,,,,,,,,,,,
221012-Exp-1-A1-1-321,221012,221012-Exp-1-A1-1,321,16,1,0,0,false,false,false,4.1,65.67,8.21,69.77,0,,,,,,,,,,,,,,,,,,
221012-Exp-1-A1-1-322,221012,221012-Exp-1-A1-1,322,16,2,0,0,false,false,false,8.21,65.67,12.31,69.77,0,,,,,,,,,,,,,,,,,,
221012-Exp-1-A1-1-323,221012,221012-Exp-1-A1-1,323,16,3,0,0,false,false,false,12.31,65.67,16.42,69.77,1,9.95,0.001,4.95,1,,,0.13,0.17,0.2,0.2,0.2,4.5,4.5,3.2,3.2,0.2,0.2,0.2
221012-Exp-1-A1-1-324,221012,221012-Exp-1-A1-1,324,16,4,0,0,false,false,false,16.42,65.67,20.52,69.77,0,,,,,,,,,,,,,,,,,,
221012-Exp-1-A1-1-325,221012,221012-Exp-1-A1-1,325,16,5,0,0,false,false,false,20.52,65.67,24.63,69.77,0,,,,,,,,,,,,,,,,,,
221012-Exp-1-A1-1-326,221012,221012-Exp-1-A1-1,326,16,6,0,0,false,false,false,24.63,65.67,28.73,69.77,0,,,,,,,,,,,,,,,,,,
221012-Exp-1-A1-1-327,221012,221012-Exp-1-A1-1,327,16,7,0,0,false,false,false,28.73,65.67,32.83,69.77,0,,,,,,,,,,,,,,,,,,
221012-Exp-1-A1-1-328,221012,221012-Exp-1-A1-1,328,16,8,0,0,false,false,false,32.83,65.67,36.94,69.77,1,9.95,0.001,4.95,1,,,0.22,0.06,0.2,0.2,0.2,3.2,3.2,3.2,3.2,0.2,0.2,0.2
221012-Exp-1-A1-1-329,221012,221012-Exp-1-A1-1,329,16,9,0,0,false,false,false,36.94,65.67,41.04,69.77,1,9.95,0.001,4.95,1,,,0.09,0.11,0,0,0,4.5,4.5,3.2,3.2,0.4,0.4,0.4
221012-Exp-1-A1-1-330,221012,221012-Exp-1-A1-1,330,16,10,0,0,false,false,false,41.04,65.67,45.15,69.77,0,,,,,,,,,,,,,,,,,,
221012-Exp-1-A1-1-331,221012,221012-Exp-1-A1-1,331,16,11,0,0,false,false,false,45.15,65.67,49.25,69.77,8,7.64,0.005,39.6,8,,,0.11,0.17,0.1,0.2,0.7,5.5,7.2,3.2,3.2,0.5,2.8,0.4
221012-Exp-1-A1-1-332,221012,221012-Exp-1-A1-1,332,16,12,0,0,false,false,false,49.25,65.67,53.36,69.77,0,,,,,,,,,,,,,,,,,,
221012-Exp-1-A1-1-333,221012,221012-Exp-1-A1-1,333,16,13,0,0,false,false,false,53.36,65.67,57.46,69.77,1,9.95,0.001,4.95,1,,,0.51,0.26,0.3,0.3,0.3,6.4,6.4,6.4,6.4,0.1,0.1,0.1
221012-Exp-1-A1-1-334,221012,221012-Exp-1-A1-1,334,16,14,0,0,false,false,false,57.46,65.67,61.56,69.77,2,7,0.001,9.9,2,,,0.29,0.17,0.3,0.4,0.6,3.2,3.2,3.2,3.2,0.2,0.3,0.2
221012-Exp-1-A1-1-335,221012,221012-Exp-1-A1-1,335,16,15,148,0,true,false,false,61.56,65.67,65.67,69.77,24,5.84,0.014,118.8,24,161,0.653,0.19,0.13,0.2,0.6,4.5,4.5,7.2,3.2,7.2,0.5,5,0.2
221012-Exp-1-A1-1-336,221012,221012-Exp-1-A1-1,336,16,16,0,0,false,false,false,65.67,65.67,69.77,69.77,2,7,0.001,9.9,2,,,0.28,0.16,0.2,0.2,0.4,5.2,7.2,3.9,4.5,0.4,0.5,0.3
221012-Exp-1-A1-1-337,221012,221012-Exp-1-A1-1,337,16,17,0,0,false,false,false,69.77,65.67,73.88,69.77,7,7.63,0.004,34.65,7,,,0.1,0.08,0.2,0.4,1.2,3.2,7.2,3.2,7.2,0.4,1.3,0.2
221012-Exp-1-A1-1-338,221012,221012-Exp-1-A1-1,338,16,18,0,0,false,false,false,73.88,65.67,77.98,69.77,0,,,,,,,,,,,,,,,,,,
221012-Exp-1-A1-1-339,221012,221012-Exp-1-A1-1,339,16,19,0,0,false,false,false,77.98,65.67,82.09,69.77,0,,,,,,,,,,,,,,,,,,
221012-Exp-1-A1-1-340,221012,221012-Exp-1-A1-1,340,17,0,0,0,false,false,false,0,69.77,4.1,73.88,0,,,,,,,,,,,,,,,,,,
221012-Exp-1-A1-1-341,221012,221012-Exp-1-A1-1,341,17,1,0,0,false,false,false,4.1,69.77,8.21,73.88,0,,,,,,,,,,,,,,,,,,
221012-Exp-1-A1-1-342,221012,221012-Exp-1-A1-1,342,17,2,0,0,false,false,false,8.21,69.77,12.31,73.88,4,9.95,0.002,19.8,4,,,0.06,0.08,0,0,0,3.2,4.5,3.2,3.2,2.2,3,0.3
221012-Exp-1-A1-1-343,221012,221012-Exp-1-A1-1,343,17,3,0,0,false,false,false,12.31,69.77,16.42,73.88,0,,,,,,,,,,,,,,,,,,
221012-Exp-1-A1-1-344,221012,221012-Exp-1-A1-1,344,17,4,0,0,false,false,false,16.42,69.77,20.52,73.88,0,,,,,,,,,,,,,,,,,,
221012-Exp-1-A1-1-345,221012,221012-Exp-1-A1-1,345,17,5,0,0,false,false,false,20.52,69.77,24.63,73.88,1,9.95,0.001,4.95,1,,,0.13,0.26,0,0,0,4.5,4.5,4.5,4.5,0.1,0.1,0.1
221012-Exp-1-A1-1-346,221012,221012-Exp-1-A1-1,346,17,6,0,0,false,false,false,24.63,69.77,28.73,73.88,0,,,,,,,,,,,,,,,,,,
221012-Exp-1-A1-1-347,221012,221012-Exp-1-A1-1,347,17,7,0,0,false,false,false,28.73,69.77,32.83,73.88,0,,,,,,,,,,,,,,,,,,
221012-Exp-1-A1-1-348,221012,221012-Exp-1-A1-1,348,17,8,0,0,false,false,false,32.83,69.77,36.94,73.88,0,,,,,,,,,,,,,,,,,,
221012-Exp-1-A1-1-349,221012,221012-Exp-1-A1-1,349,17,9,0,0,false,false,false,36.94,69.77,41.04,73.88,0,,,,,,,,,,,,,,,,,,
221012-Exp-1-A1-1-350,221012,221012-Exp-1-A1-1,350,17,10,0,0,false,false,false,41.04,69.77,45.15,73.88,2,7,0.001,9.9,2,,,0.2,0.07,0.2,0.4,0.4,2.3,4.5,1.6,3.2,0.2,0.3,0.2
221012-Exp-1-A1-1-351,221012,221012-Exp-1-A1-1,351,17,11,0,0,false,false,false,45.15,69.77,49.25,73.88,0,,,,,,,,,,,,,,,,,,
221012-Exp-1-A1-1-352,221012,221012-Exp-1-A1-1,352,17,12,0,0,false,false,false,49.25,69.77,53.36,73.88,0,,,,,,,,,,,,,,,,,,
221012-Exp-1-A1-1-353,221012,221012-Exp-1-A1-1,353,17,13,0,0,false,false,false,53.36,69.77,57.46,73.88,0,,,,,,,,,,,,,,,,,,
221012-Exp-1-A1-1-354,221012,221012-Exp-1-A1-1,354,17,14,0,0,false,false,false,57.46,69.77,61.56,73.88,0,,,,,,,,,,,,,,,,,,
221012-Exp-1-A1-1-355,221012,221012-Exp-1-A1-1,355,17,15,0,0,false,false,false,61.56,69.77,65.67,73.88,0,,,,,,,,,,,,,,,,,,
221012-Exp-1-A1-1-356,221012,221012-Exp-1-A1-1,356,17,16,0,0,false,false,false,65.67,69.77,69.77,73.88,0,,,,,,,,,,,,,,,,,,
221012-Exp-1-A1-1-357,221012,221012-Exp-1-A1-1,357,17,17,0,0,false,false,false,69.77,69.77,73.88,73.88,0,,,,,,,,,,,,,,,,,,
221012-Exp-1-A1-1-358,221012,221012-Exp-1-A1-1,358,17,18,0,0,false,false,false,73.88,69.77,77.98,73.88,0,,,,,,,,,,,,,,,,,,
221012-Exp-1-A1-1-359,221012,221012-Exp-1-A1-1,359,17,19,0,0,false,false,false,77.98,69.77,82.09,73.88,0,,,,,,,,,,,,,,,,,,
221012-Exp-1-A1-1-360,221012,221012-Exp-1-A1-1,360,18,0,0,0,false,false,false,0,73.88,4.1,77.98,0,,,,,,,,,,,,,,,,,,
221012-Exp-1-A1-1-361,221012,221012-Exp-1-A1-1,361,18,1,0,0,false,false,false,4.1,73.88,8.21,77.98,1,9.95,0.001,4.95,1,,,0.06,0.06,0.2,0.2,0.2,3.2,3.2,3.2,3.2,0.1,0.1,0.1
221012-Exp-1-A1-1-362,221012,221012-Exp-1-A1-1,362,18,2,0,0,false,false,false,8.21,73.88,12.31,77.98,0,,,,,,,,,,,,,,,,,,
221012-Exp-1-A1-1-363,221012,221012-Exp-1-A1-1,363,18,3,0,0,false,false,false,12.31,73.88,16.42,77.98,0,,,,,,,,,,,,,,,,,,
221012-Exp-1-A1-1-364,221012,221012-Exp-1-A1-1,364,18,4,0,0,false,false,false,16.42,73.88,20.52,77.98,0,,,,,,,,,,,,,,,,,,
221012-Exp-1-A1-1-365,221012,221012-Exp-1-A1-1,365,18,5,0,0,false,false,false,20.52,73.88,24.63,77.98,0,,,,,,,,,,,,,,,,,,
221012-Exp-1-A1-1-366,221012,221012-Exp-1-A1-1,366,18,6,0,0,false,false,false,24.63,73.88,28.73,77.98,0,,,,,,,,,,,,,,,,,,
221012-Exp-1-A1-1-367,221012,221012-Exp-1-A1-1,367,18,7,0,0,false,false,false,28.73,73.88,32.83,77.98,0,,,,,,,,,,,,,,,,,,
221012-Exp-1-A1-1-368,221012,221012-Exp-1-A1-1,368,18,8,0,0,false,false,false,32.83,73.88,36.94,77.98,0,,,,,,,,,,,,,,,,,,
221012-Exp-1-A1-1-369,221012,221012-Exp-1-A1-1,369,18,9,0,0,false,false,false,36.94,73.88,41.04,77.98,0,,,,,,,,,,,,,,,,,,
221012-Exp-1-A1-1-370,221012,221012-Exp-1-A1-1,370,18,10,0,0,false,false,false,41.04,73.88,45.15,77.98,0,,,,,,,,,,,,,,,,,,
221012-Exp-1-A1-1-371,221012,221012-Exp-1-A1-1,371,18,11,0,0,false,false,false,45.15,73.88,49.25,77.98,0,,,,,,,,,,,,,,,,,,
221012-Exp-1-A1-1-372,221012,221012-Exp-1-A1-1,372,18,12,0,0,false,false,false,49.25,73.88,53.36,77.98,0,,,,,,,,,,,,,,,,,,
221012-Exp-1-A1-1-373,221012,221012-Exp-1-A1-1,373,18,13,0,0,false,false,false,53.36,73.88,57.46,77.98,0,,,,,,,,,,,,,,,,,,
221012-Exp-1-A1-1-374,221012,221012-Exp-1-A1-1,374,18,14,0,0,false,false,false,57.46,73.88,61.56,77.98,0,,,,,,,,,,,,,,,,,,
221012-Exp-1-A1-1-375,221012,221012-Exp-1-A1-1,375,18,15,0,0,false,false,false,61.56,73.88,65.67,77.98,0,,,,,,,,,,,,,,,,,,
221012-Exp-1-A1-1-376,221012,221012-Exp-1-A1-1,376,18,16,0,0,false,false,false,65.67,73.88,69.77,77.98,0,,,,,,,,,,,,,,,,,,
221012-Exp-1-A1-1-377,221012,221012-Exp-1-A1-1,377,18,17,0,0,false,false,false,69.77,73.88,73.88,77.98,0,,,,,,,,,,,,,,,,,,
221012-Exp-1-A1-1-378,221012,221012-Exp-1-A1-1,378,18,18,0,0,false,false,false,73.88,73.88,77.98,77.98,0,,,,,,,,,,,,,,,,,,
221012-Exp-1-A1-1-379,221012,221012-Exp-1-A1-1,379,18,19,0,0,false,false,false,77.98,73.88,82.09,77.98,0,,,,,,,,,,,,,,,,,,
221012-Exp-1-A1-1-380,221012,221012-Exp-1-A1-1,380,19,0,0,0,false,false,false,0,77.98,4.1,82.09,1,9.95,0.001,4.95,1,,,0,0,0,0,0,0,0,0,0,0.2,0.2,0.2
221012-Exp-1-A1-1-381,221012,221012-Exp-1-A1-1,381,19,1,0,0,false,false,false,4.1,77.98,8.21,82.09,2,9.95,0.001,9.9,2,,,0.12,0.12,0.2,0.2,0.4,4.5,4.5,3.2,3.2,3.3,3.5,1.7
221012-Exp-1-A1-1-382,221012,221012-Exp-1-A1-1,382,19,2,0,0,false,false,false,8.21,77.98,12.31,82.09,0,,,,,,,,,,,,,,,,,,
221012-Exp-1-A1-1-383,221012,221012-Exp-1-A1-1,383,19,3,0,0,false,false,false,12.31,77.98,16.42,82.09,0,,,,,,,,,,,,,,,,,,
221012-Exp-1-A1-1-384,221012,221012-Exp-1-A1-1,384,19,4,0,0,false,false,false,16.42,77.98,20.52,82.09,0,,,,,,,,,,,,,,,,,,
221012-Exp-1-A1-1-385,221012,221012-Exp-1-A1-1,385,19,5,0,0,false,false,false,20.52,77.98,24.63,82.09,0,,,,,,,,,,,,,,,,,,
221012-Exp-1-A1-1-386,221012,221012-Exp-1-A1-1,386,19,6,0,0,false,false,false,24.63,77.98,28.73,82.09,0,,,,,,,,,,,,,,,,,,
221012-Exp-1-A1-1-387,221012,221012-Exp-1-A1-1,387,19,7,0,0,false,false,false,28.73,77.98,32.83,82.09,0,,,,,,,,,,,,,,,,,,
221012-Exp-1-A1-1-388,221012,221012-Exp-1-A1-1,388,19,8,0,0,false,false,false,32.83,77.98,36.94,82.09,0,,,,,,,,,,,,,,,,,,
221012-Exp-1-A1-1-389,221012,221012-Exp-1-A1-1,389,19,9,0,0,false,false,false,36.94,77.98,41.04,82.09,0,,,,,,,,,,,,,,,,,,
221012-Exp-1-A1-1-390,221012,221012-Exp-1-A1-1,390,19,10,0,0,false,false,false,41.04,77.98,45.15,82.09,0,,,,,,,,,,,,,,,,,,
221012-Exp-1-A1-1-391,221012,221012-Exp-1-A1-1,391,19,11,0,0,false,false,false,45.15,77.98,49.25,82.09,0,,,,,,,,,,,,,,,,,,
221012-Exp-1-A1-1-392,221012,221012-Exp-1-A1-1,392,19,12,0,0,false,false,false,49.25,77.98,53.36,82.09,0,,,,,,,,,,,,,,,,,,
221012-Exp-1-A1-1-393,221012,221012-Exp-1-A1-1,393,19,13,0,0,false,false,false,53.36,77.98,57.46,82.09,0,,,,,,,,,,,,,,,,,,
221012-Exp-1-A1-1-394,221012,221012-Exp-1-A1-1,394,19,14,0,0,false,false,false,57.46,77.98,61.56,82.09,0,,,,,,,,,,,,,,,,,,
221012-Exp-1-A1-1-395,221012,221012-Exp-1-A1-1,395,19,15,0,0,false,false,false,61.56,77.98,65.67,82.09,0,,,,,,,,,,,,,,,,,,
221012-Exp-1-A1-1-396,221012,221012-Exp-1-A1-1,396,19,16,0,0,false,false,false,65.67,77.98,69.77,82.09,0,,,,,,,,,,,,,,,,,,
221012-Exp-1-A1-1-397,221012,221012-Exp-1-A1-1,397,19,17,0,0,false,false,false,69.77,77.98,73.88,82.09,0,,,,,,,,,,,,,,,,,,
221012-Exp-1-A1-1-398,221012,221012-Exp-1-A1-1,398,19,18,0,0,false,false,false,73.88,77.98,77.98,82.09,0,,,,,,,,,,,,,,,,,,
221012-Exp-1-A1-1-399,221012,221012-Exp-1-A1-1,399,19,19,0,0,false,false,false,77.98,77.98,82.09,82.09,0,,,,,,,,,,,,,,,,,,
221012-Exp-1-A1-2-0,221012,221012-Exp-1-A1-2,0,0,0,0,0,true,false,false,0,0,4.1,4.1,25,3.77,0.015,143.75,8.85,71,0.823,0.37,0.19,0.3,1.8,11.8,7.2,13.6,3.2,7.2,100,138,0.6
221012-Exp-1-A1-2-1,221012,221012-Exp-1-A1-2,1,0,1,1,0,true,false,false,4.1,0,8.21,4.1,36,2.68,0.021,207,12.74,58,0.858,0.35,0.22,0.3,1.4,12.9,6.4,13.6,3.2,6.4,19.6,65.9,0.4
221012-Exp-1-A1-2-2,221012,221012-Exp-1-A1-2,2,0,2,2,0,true,false,false,8.21,0,12.31,4.1,78,2.4,0.046,448.5,27.61,273,0.566,0.26,0.18,0.2,6.7,39,7.2,16,3.2,7.2,45.9,197.7,0.7
221012-Exp-1-A1-2-3,221012,221012-Exp-1-A1-2,3,0,3,3,0,true,false,false,12.31,0,16.42,4.1,83,1.92,0.049,477.25,29.38,15,0.682,0.22,0.1,0.2,2.1,25,4.5,13.2,3.2,10.1,67,304.5,0.5
221012-Exp-1-A1-2-4,221012,221012-Exp-1-A1-2,4,0,4,4,0,true,false,false,16.42,0,20.52,4.1,303,0.9,0.18,1742.25,107.26,230,0.91,0.39,0.19,0.3,4,134,7.2,17.3,3.2,10.1,45.2,479,0.5
221012-Exp-1-A1-2-5,221012,221012-Exp-1-A1-2,5,0,5,5,0,true,false,false,20.52,0,24.63,4.1,213,1.11,0.126,1224.75,75.4,155,0.868,0.33,0.17,0.3,3.9,89.6,7.2,17.3,3.2,9.6,73,394.6,0.5
221012-Exp-1-A1-2-6,221012,221012-Exp-1-A1-2,6,0,6,0,0,false,false,false,24.63,0,28.73,4.1,1,9.95,0.001,5.75,0.35,,,0.06,0.13,0,0,0,3.2,3.2,3.2,3.2,0.1,0.1,0.1
221012-Exp-1-A1-2-7,221012,221012-Exp-1-A1-2,7,0,7,6,0,true,false,false,28.73,0,32.83,4.1,25,5.64,0.015,143.75,8.85,170,0.683,0.13,0.13,0.2,0.5,4,4.5,10.1,3.2,4.5,5,16.5,0.2
221012-Exp-1-A1-2-8,221012,221012-Exp-1-A1-2,8,0,8,7,0,true,false,false,32.83,0,36.94,4.1,58,2.22,0.034,333.5,20.53,66,0.925,0.19,0.19,0.2,2,16.7,4.5,12.8,3.2,11.6,3.7,22.7,0.2
221012-Exp-1-A1-2-9,221012,221012-Exp-1-A1-2,9,0,9,8,0,true,false,false,36.94,0,41.04,4.1,23,4.38,0.014,132.25,8.14,25,0.925,0.17,0.14,0.2,0.6,4.1,4.5,7.2,3.2,7.2,1.1,8.1,0.3
221012-Exp-1-A1-2-10,221012,221012-Exp-1-A1-2,10,0,10,0,0,false,false,false,41.04,0,45.15,4.1,13,7.27,0.008,74.75,4.6,,,0.26,0.32,0.3,0.6,3.7,9.1,11.6,4.5,7.2,2.6,6.3,0.3
221012-Exp-1-A1-2-11,221012,221012-Exp-1-A1-2,11,0,11,0,0,false,false,false,45.15,0,49.25,4.1,0,,,,,,,,,,,,,,,,,,
221012-Exp-1-A1-2-12,221012,221012-Exp-1-A1-2,12,0,12,0,0,false,false,false,49.25,0,53.36,4.1,0,,,,,,,,,,,,,,,,,,
221012-Exp-1-A1-2-13,221012,221012-Exp-1-A1-2,13,0,13,0,0,false,false,false,53.36,0,57.46,4.1,0,,,,,,,,,,,,,,,,,,
221012-Exp-1-A1-2-14,221012,221012-Exp-1-A1-2,14,0,14,0,0,false,false,false,57.46,0,61.56,4.1,0,,,,,,,,,,,,,,,,,,
221012-Exp-1-A1-2-15,221012,221012-Exp-1-A1-2,15,0,15,0,0,false,false,false,61.56,0,65.67,4.1,0,,,,,,,,,,,,,,,,,,
221012-Exp-1-A1-2-16,221012,221012-Exp-1-A1-2,16,0,16,0,0,false,false,false,65.67,0,69.77,4.1,0,,,,,,,,,,,,,,,,,,
221012-Exp-1-A1-2-17,221012,221012-Exp-1-A1-2,17,0,17,0,0,false,false,false,69.77,0,73.88,4.1,0,,,,,,,,,,,,,,,,,,
221012-Exp-1-A1-2-18,221012,221012-Exp-1-A1-2,18,0,18,0,0,false,false,false,73.88,0,77.98,4.1,0,,,,,,,,,,,,,,,,,,
221012-Exp-1-A1-2-19,221012,221012-Exp-1-A1-2,19,0,19,0,0,false,false,false,77.98,0,82.09,4.1,0,,,,,,,,,,,,,,,,,,
221012-Exp-1-A1-2-20,221012,221012-Exp-1-A1-2,20,1,0,9,0,true,false,false,0,4.1,4.1,8.21,22,4.04,0.013,126.5,7.79,152,0.809,0.28,0.24,0.2,2,7.1,6.4,11.6,3.4,9.6,1.7,9.1,0.3
221012-Exp-1-A1-2-21,221012,221012-Exp-1-A1-2,21,1,1,10,0,true,false,false,4.1,4.1,8.21,8.21,71,2.68,0.042,408.25,25.13,120,0.872,0.17,0.15,0.2,6.3,26.2,4.5,13.6,3.2,7.2,35.1,83,0.3
221012-Exp-1-A1-2-22,221012,221012-Exp-1-A1-2,22,1,2,0,0,false,false,false,8.21,4.1,12.31,8.21,20,3.08,0.012,115,7.08,,,0.38,0.22,0.4,2.3,14.1,8.1,14.3,3.2,7.2,25.6,68.8,0.9
221012-Exp-1-A1-2-23,221012,221012-Exp-1-A1-2,23,1,3,11,0,true,false,false,12.31,4.1,16.42,8.21,37,4.34,0.022,212.75,13.1,89,0.868,0.19,0.17,0.2,3.6,13.4,7.2,13.2,3.2,7.2,59.7,256.3,1.1
221012-Exp-1-A1-2-24,221012,221012-Exp-1-A1-2,24,1,4,12,0,true,false,false,16.42,4.1,20.52,8.21,236,1.21,0.14,1357,83.54,228,0.879,0.43,0.21,0.3,2.5,98.1,7.2,18.1,3.2,11.6,17.7,249.3,0.4
221012-Exp-1-A1-2-25,221012,221012-Exp-1-A1-2,25,1,5,13,0,true,false,false,20.52,4.1,24.63,8.21,173,1.03,0.103,994.75,61.24,212,0.855,0.37,0.19,0.2,4.1,90.4,7.2,17.3,3.2,10.1,85.3,316.4,0.4
221012-Exp-1-A1-2-26,221012,221012-Exp-1-A1-2,26,1,6,14,0,true,false,false,24.63,4.1,28.73,8.21,57,3.16,0.034,327.75,20.18,180,0.754,0.21,0.16,0.2,1.3,14.9,4.5,18.1,3.2,10.1,18.4,54.4,0.3
221012-Exp-1-A1-2-27,221012,221012-Exp-1-A1-2,27,1,7,0,0,false,false,false,28.73,4.1,32.83,8.21,0,,,,,,,,,,,,,,,,,,
221012-Exp-1-A1-2-28,221012,221012-Exp-1-A1-2,28,1,8,15,0,true,false,false,32.83,4.1,36.94,8.21,32,2.89,0.019,184,11.33,409,0.587,0.5,0.32,0.4,2.9,17,6.4,17.3,3.4,7.2,4.4,15.1,0.3
221012-Exp-1-A1-2-29,221012,221012-Exp-1-A1-2,29,1,9,0,0,false,false,false,36.94,4.1,41.04,8.21,6,3.96,0.004,34.5,2.12,,,0.53,0.35,0.4,1.8,3.5,5.5,10.1,4.8,7.2,0.7,2,0.3
221012-Exp-1-A1-2-30,221012,221012-Exp-1-A1-2,30,1,10,16,0,true,false,false,41.04,4.1,45.15,8.21,34,2.89,0.02,195.5,12.04,33,0.828,0.21,0.16,0.2,3.5,16.7,4.5,18.1,3.2,9.1,9.2,31.2,0.3
221012-Exp-1-A1-2-31,221012,221012-Exp-1-A1-2,31,1,11,17,0,true,false,false,45.15,4.1,49.25,8.21,56,4.55,0.033,322,19.82,75,0.701,0.14,0.16,0.2,0.7,10.7,4.5,13.6,3.2,7.2,2.4,21.6,0.2
221012-Exp-1-A1-2-32,221012,221012-Exp-1-A1-2,32,1,12,0,0,false,false,false,49.25,4.1,53.36,8.21,2,7,0.001,11.5,0.71,,,0.1,0.13,0.1,0.2,0.2,3.9,4.5,3.9,4.5,0.1,0.2,0.1
221012-Exp-1-A1-2-33,221012,221012-Exp-1-A1-2,33,1,13,0,0,false,false,false,53.36,4.1,57.46,8.21,0,,,,,,,,,,,,,,,,,,
221012-Exp-1-A1-2-34,221012,221012-Exp-1-A1-2,34,1,14,0,0,false,false,false,57.46,4.1,61.56,8.21,0,,,,,,,,,,,,,,,,,,
221012-Exp-1-A1-2-35,221012,221012-Exp-1-A1-2,35,1,15,0,0,false,false,false,61.56,4.1,65.67,8.21,0,,,,,,,,,,,,,,,,,,
221012-Exp-1-A1-2-36,221012,221012-Exp-1-A1-2,36,1,16,0,0,false,false,false,65.67,4.1,69.77,8.21,0,,,,,,,,,,,,,,,,,,
221012-Exp-1-A1-2-37,221012,221012-Exp-1-A1-2,37,1,17,0,0,false,false,false,69.77,4.1,73.88,8.21,0,,,,,,,,,,,,,,,,,,
221012-Exp-1-A1-2-38,221012,221012-Exp-1-A1-2,38,1,18,0,0,false,false,false,73.88,4.1,77.98,8.21,0,,,,,,,,,,,,,,,,,,
221012-Exp-1-A1-2-39,221012,221012-Exp-1-A1-2,39,1,19,0,0,false,false,false,77.98,4.1,82.09,8.21,0,,,,,,,,,,,,,,,,,,
221012-Exp-1-A1-2-40,221012,221012-Exp-1-A1-2,40,2,0,0,0,false,false,false,0,8.21,4.1,12.31,8,4.21,0.005,46,2.83,,,0.3,0.14,0.4,1.6,4.7,6.8,13.2,3.2,4.5,17,40.7,1.2
221012-Exp-1-A1-2-41,221012,221012-Exp-1-A1-2,41,2,1,18,0,true,false,false,4.1,8.21,8.21,12.31,65,2.08,0.039,373.75,23.01,241,0.768,0.34,0.15,0.2,2.6,30.3,6.4,11.6,3.2,6.4,7.9,63.4,0.4
221012-Exp-1-A1-2-42,221012,221012-Exp-1-A1-2,42,2,2,0,0,false,false,false,8.21,8.21,12.31,12.31,8,5.5,0.005,46,2.83,,,0.69,0.11,0.3,6.3,9.9,6.4,10.1,3.2,6.4,100,201.8,0.9
221012-Exp-1-A1-2-43,221012,221012-Exp-1-A1-2,43,2,3,0,0,false,false,false,12.31,8.21,16.42,12.31,13,4.02,0.008,74.75,4.6,,,0.35,0.21,0.3,4.2,14,6.4,16,3.2,3.6,70.9,101.2,2.8
221012-Exp-1-A1-2-44,221012,221012-Exp-1-A1-2,44,2,4,19,0,true,false,false,16.42,8.21,20.52,12.31,30,2.33,0.018,172.5,10.62,147,0.596,0.27,0.15,0.4,8.8,24.4,6.8,11.6,3.2,10.1,81.8,196,0.6
221012-Exp-1-A1-2-45,221012,221012-Exp-1-A1-2,45,2,5,20,0,true,false,false,20.52,8.21,24.63,12.31,224,0.98,0.133,1288,79.29,301,0.894,0.48,0.21,0.3,2.5,101.7,7.2,17.3,3.2,11.6,14.3,193.5,0.4
221012-Exp-1-A1-2-46,221012,221012-Exp-1-A1-2,46,2,6,21,0,true,false,false,24.63,8.21,28.73,12.31,207,1.29,0.123,1190.25,73.27,238,0.925,0.28,0.18,0.2,2.1,73.1,6.4,18.1,3.2,10.1,21.1,176.8,0.4
221012-Exp-1-A1-2-47,221012,221012-Exp-1-A1-2,47,2,7,22,0,true,false,false,28.73,8.21,32.83,12.31,24,4.83,0.014,138,8.5,26,0.896,0.24,0.26,0.2,1.1,6.6,7.2,17.3,3.2,10.1,15.2,30.7,0.4
221012-Exp-1-A1-2-48,221012,221012-Exp-1-A1-2,48,2,8,0,0,false,false,false,32.83,8.21,36.94,12.31,17,3.33,0.01,97.75,6.02,,,0.61,0.26,0.4,5,10.4,6.4,9.6,3.2,9.1,4.2,8.2,0.2
221012-Exp-1-A1-2-49,221012,221012-Exp-1-A1-2,49,2,9,0,0,false,false,false,36.94,8.21,41.04,12.31,1,9.95,0.001,5.75,0.35,,,3.37,0.55,1.1,1.1,1.1,7.2,7.2,4.5,4.5,0.3,0.3,0.3
221012-Exp-1-A1-2-50,221012,221012-Exp-1-A1-2,50,2,10,0,0,false,false,false,41.04,8.21,45.15,12.31,15,3.93,0.009,86.25,5.31,,,0.19,0.14,0.2,1.3,4.2,4.5,9.1,3.2,4.5,0.9,5,0.2
221012-Exp-1-A1-2-51,221012,221012-Exp-1-A1-2,51,2,11,0,0,false,false,false,45.15,8.21,49.25,12.31,16,2.61,0.009,92,5.66,,,0.28,0.22,0.2,1.1,6.4,5.5,10.1,4.5,9.6,2.6,5.4,0.1
221012-Exp-1-A1-2-52,221012,221012-Exp-1-A1-2,52,2,12,23,0,true,false,false,49.25,8.21,53.36,12.31,55,2.05,0.033,316.25,19.47,116,0.733,0.45,0.22,0.4,1.5,23.2,6.4,11.6,3.2,9.6,2.4,32,0.3
221012-Exp-1-A1-2-53,221012,221012-Exp-1-A1-2,53,2,13,24,0,true,false,false,53.36,8.21,57.46,12.31,47,2.77,0.028,270.25,16.64,198,0.709,0.26,0.17,0.2,1.8,13.8,6.4,16,3.2,9.6,6,36.7,0.4
221012-Exp-1-A1-2-54,221012,221012-Exp-1-A1-2,54,2,14,25,0,true,false,false,57.46,8.21,61.56,12.31,95,3.01,0.056,546.25,33.63,67,0.795,0.26,0.17,0.2,1.3,26.9,7.2,16,3.2,9.6,15,136.6,0.5
221012-Exp-1-A1-2-55,221012,221012-Exp-1-A1-2,55,2,15,0,0,false,false,false,61.56,8.21,65.67,12.31,0,,,,,,,,,,,,,,,,,,
221012-Exp-1-A1-2-56,221012,221012-Exp-1-A1-2,56,2,16,0,0,false,false,false,65.67,8.21,69.77,12.31,0,,,,,,,,,,,,,,,,,,
221012-Exp-1-A1-2-57,221012,221012-Exp-1-A1-2,57,2,17,0,0,false,false,false,69.77,8.21,73.88,12.31,0,,,,,,,,,,,,,,,,,,
221012-Exp-1-A1-2-58,221012,221012-Exp-1-A1-2,58,2,18,0,0,false,false,false,73.88,8.21,77.98,12.31,0,,,,,,,,,,,,,,,,,,
221012-Exp-1-A1-2-59,221012,221012-Exp-1-A1-2,59,2,19,0,0,false,false,false,77.98,8.21,82.09,12.31,0,,,,,,,,,,,,,,,,,,
221012-Exp-1-A1-2-60,221012,221012-Exp-1-A1-2,60,3,0,26,0,true,false,false,0,12.31,4.1,16.42,109,1.5,0.065,626.75,38.58,143,0.811,0.15,0.09,0.2,3.3,44.5,4.5,16,2.3,4.5,79.8,350.3,0.7
221012-Exp-1-A1-2-61,221012,221012-Exp-1-A1-2,61,3,1,27,0,true,false,false,4.1,12.31,8.21,16.42,45,2.05,0.027,258.75,15.93,24,0.893,0.29,0.1,0.3,2.4,20.5,4.5,18.1,3.2,7.2,32.5,201.9,1.1
221012-Exp-1-A1-2-62,221012,221012-Exp-1-A1-2,62,3,2,0,0,false,false,false,8.21,12.31,12.31,16.42,19,3.3,0.011,109.25,6.73,,,0.23,0.14,0.2,1.4,6.4,4.5,17.3,3.2,10.1,7.4,17.7,0.2
221012-Exp-1-A1-2-63,221012,221012-Exp-1-A1-2,63,3,3,28,0,true,false,false,12.31,12.31,16.42,16.42,62,2.74,0.037,356.5,21.95,97,0.869,0.24,0.19,0.2,3,19.8,6.4,12.8,3.2,9.1,58.3,134.9,0.4
221012-Exp-1-A1-2-64,221012,221012-Exp-1-A1-2,64,3,4,29,0,true,false,false,16.42,12.31,20.52,16.42,41,2.16,0.024,235.75,14.51,217,0.776,0.24,0.13,0.2,3.3,17.4,4.5,14.3,3.2,7.2,50,155,0.4
221012-Exp-1-A1-2-65,221012,221012-Exp-1-A1-2,65,3,5,30,0,true,false,false,20.52,12.31,24.63,16.42,113,1.38,0.067,649.75,40,291,0.825,0.45,0.17,0.4,7.6,57.1,6.4,16.3,3.2,11.6,60.8,129.2,0.4
221012-Exp-1-A1-2-66,221012,221012-Exp-1-A1-2,66,3,6,31,0,true,false,false,24.63,12.31,28.73,16.42,138,1.4,0.082,793.5,48.85,256,0.809,0.39,0.2,0.4,3.9,64.2,6.4,17.3,3.2,7.2,4.9,87.6,0.4
221012-Exp-1-A1-2-67,221012,221012-Exp-1-A1-2,67,3,7,32,0,true,false,false,28.73,12.31,32.83,16.42,23,4.8,0.014,132.25,8.14,63,0.968,0.14,0.19,0.2,2,6.6,4.5,11.6,3.2,7.2,62.7,77.2,0.2
221012-Exp-1-A1-2-68,221012,221012-Exp-1-A1-2,68,3,8,0,0,false,false,false,32.83,12.31,36.94,16.42,2,7,0.001,11.5,0.71,,,0.22,0.26,0.2,0.4,0.4,5.9,7.2,3.9,4.5,0.6,0.7,0.4
221012-Exp-1-A1-2-69,221012,221012-Exp-1-A1-2,69,3,9,33,0,true,false,false,36.94,12.31,41.04,16.42,32,2.5,0.019,184,11.33,414,0.383,0.37,0.18,0.3,3.9,18.1,5.7,10.1,3.2,9.1,3.1,19,0.3
221012-Exp-1-A1-2-70,221012,221012-Exp-1-A1-2,70,3,10,34,0,true,false,false,41.04,12.31,45.15,16.42,41,4.31,0.024,235.75,14.51,227,0.719,0.16,0.15,0.2,0.6,7.6,4.5,10.1,3.2,10.1,1.8,14.9,0.3
221012-Exp-1-A1-2-71,221012,221012-Exp-1-A1-2,71,3,11,0,0,false,false,false,45.15,12.31,49.25,16.42,10,5.2,0.006,57.5,3.54,,,0.18,0.18,0.2,0.8,2.7,6.4,7.2,3.2,7.2,3.2,9.8,0.7
221012-Exp-1-A1-2-72,221012,221012-Exp-1-A1-2,72,3,12,35,0,true,false,false,49.25,12.31,53.36,16.42,94,1.79,0.056,540.5,33.27,143,0.756,0.46,0.22,0.4,2.8,44.3,7.2,16,3.2,11.6,42.1,109.4,0.3
221012-Exp-1-A1-2-73,221012,221012-Exp-1-A1-2,73,3,13,36,0,true,false,false,53.36,12.31,57.46,16.42,109,1.52,0.065,626.75,38.58,213,0.87,0.26,0.13,0.2,5,50.1,4.5,16.3,3.2,7.2,77,391.8,0.5
221012-Exp-1-A1-2-74,221012,221012-Exp-1-A1-2,74,3,14,37,0,true,false,false,57.46,12.31,61.56,16.42,209,1.12,0.124,1201.75,73.98,147,0.913,0.26,0.17,0.2,1.9,70.7,4.5,17.3,3.2,11.6,16.5,230.6,0.4
221012-Exp-1-A1-2-75,221012,221012-Exp-1-A1-2,75,3,15,38,0,true,false,false,61.56,12.31,65.67,16.42,87,2.57,0.052,500.25,30.8,118,0.821,0.26,0.16,0.2,1.4,25.8,6.4,16,3.2,10.1,9.3,74.4,0.3
221012-Exp-1-A1-2-76,221012,221012-Exp-1-A1-2,76,3,16,0,0,false,false,false,65.67,12.31,69.77,16.42,0,,,,,,,,,,,,,,,,,,
221012-Exp-1-A1-2-77,221012,221012-Exp-1-A1-2,77,3,17,0,0,false,false,false,69.77,12.31,73.88,16.42,0,,,,,,,,,,,,,,,,,,
221012-Exp-1-A1-2-78,221012,221012-Exp-1-A1-2,78,3,18,0,0,false,false,false,73.88,12.31,77.98,16.42,0,,,,,,,,,,,,,,,,,,
221012-Exp-1-A1-2-79,221012,221012-Exp-1-A1-2,79,3,19,0,0,false,false,false,77.98,12.31,82.09,16.42,0,,,,,,,,,,,,,,,,,,
221012-Exp-1-A1-2-80,221012,221012-Exp-1-A1-2,80,4,0,39,0,true,false,false,0,16.42,4.1,20.52,154,1.6,0.091,885.5,54.51,145,0.795,0.17,0.09,0.2,2.6,45.1,4.5,17.3,3.2,7.2,100,560,0.6
221012-Exp-1-A1-2-81,221012,221012-Exp-1-A1-2,81,4,1,40,0,true,false,false,4.1,16.42,8.21,20.52,114,1.69,0.068,655.5,40.35,108,0.917,0.26,0.13,0.2,3,34,4.5,16,3.2,11.6,78.2,198.7,0.4
221012-Exp-1-A1-2-82,221012,221012-Exp-1-A1-2,82,4,2,41,0,true,false,false,8.21,16.42,12.31,20.52,80,1.74,0.047,460,28.32,47,0.813,0.36,0.26,0.2,6.9,35,7.2,16,3.2,11.6,80.6,132.2,0.4
221012-Exp-1-A1-2-83,221012,221012-Exp-1-A1-2,83,4,3,42,0,true,false,false,12.31,16.42,16.42,20.52,38,2.83,0.023,218.5,13.45,457,0.486,0.16,0.13,0.2,2.6,13.6,4.5,11.6,3.2,6.4,100,199.6,0.3
221012-Exp-1-A1-2-84,221012,221012-Exp-1-A1-2,84,4,4,0,0,false,false,false,16.42,16.42,20.52,20.52,13,3.87,0.008,74.75,4.6,,,0.25,0.09,0.4,1.6,6.3,4.5,7.2,3.2,4.5,34.2,68.2,0.4
221012-Exp-1-A1-2-85,221012,221012-Exp-1-A1-2,85,4,5,43,0,true,false,false,20.52,16.42,24.63,20.52,32,2.72,0.019,184,11.33,79,0.899,0.19,0.13,0.2,2.2,9.4,3.4,10.1,3.2,6.4,38.4,45.5,0.2
221012-Exp-1-A1-2-86,221012,221012-Exp-1-A1-2,86,4,6,44,0,true,false,false,24.63,16.42,28.73,20.52,160,1.16,0.095,920,56.64,181,0.944,0.39,0.22,0.3,3.1,73.5,6.4,16.3,3.2,11.6,14.5,135.4,0.4
221012-Exp-1-A1-2-87,221012,221012-Exp-1-A1-2,87,4,7,45,0,true,false,false,28.73,16.42,32.83,20.52,100,2.14,0.059,575,35.4,209,0.694,0.23,0.16,0.2,2.5,35.3,4.5,14.3,3.2,6.4,5.7,81.4,0.4
221012-Exp-1-A1-2-88,221012,221012-Exp-1-A1-2,88,4,8,0,0,false,false,false,32.83,16.42,36.94,20.52,0,,,,,,,,,,,,,,,,,,
221012-Exp-1-A1-2-89,221012,221012-Exp-1-A1-2,89,4,9,46,0,true,false,false,36.94,16.42,41.04,20.52,66,1.86,0.039,379.5,23.36,271,0.83,0.31,0.15,0.2,2.9,27.8,4.5,16,3.2,7.2,5.2,46.6,0.3
221012-Exp-1-A1-2-90,221012,221012-Exp-1-A1-2,90,4,10,47,0,true,false,false,41.04,16.42,45.15,20.52,33,2.71,0.02,189.75,11.68,42,0.791,0.39,0.19,0.2,0.7,8.1,6.4,14.3,3.2,6.4,5.7,29.7,0.3
221012-Exp-1-A1-2-91,221012,221012-Exp-1-A1-2,91,4,11,48,0,true,false,false,45.15,16.42,49.25,20.52,143,1.47,0.085,822.25,50.62,120,0.938,0.39,0.18,0.2,3.4,54.9,7.2,17.3,3.2,11.6,65.1,200.3,0.4
221012-Exp-1-A1-2-92,221012,221012-Exp-1-A1-2,92,4,12,49,0,true,false,false,49.25,16.42,53.36,20.52,233,0.9,0.138,1339.75,82.48,212,0.861,0.36,0.17,0.3,5.5,105.4,6.4,17.3,3.2,8.2,9.2,222.9,0.5
221012-Exp-1-A1-2-93,221012,221012-Exp-1-A1-2,93,4,13,50,0,true,false,false,53.36,16.42,57.46,20.52,206,1.03,0.122,1184.5,72.92,130,0.886,0.39,0.18,0.3,3.4,90.6,7.2,16,3.2,9.6,100,412.3,0.5
221012-Exp-1-A1-2-94,221012,221012-Exp-1-A1-2,94,4,14,51,0,true,false,false,57.46,16.42,61.56,20.52,314,0.76,0.186,1805.5,111.15,257,0.949,0.39,0.2,0.3,5.6,143.1,7.2,18.1,3.2,10.1,36,373.1,0.4
221012-Exp-1-A1-2-95,221012,221012-Exp-1-A1-2,95,4,15,52,0,true,false,false,61.56,16.42,65.67,20.52,135,1.64,0.08,776.25,47.79,202,0.883,0.34,0.21,0.2,1.8,44.8,7.2,16.3,3.2,11.6,16.4,155.2,0.4
221012-Exp-1-A1-2-96,221012,221012-Exp-1-A1-2,96,4,16,0,0,false,false,false,65.67,16.42,69.77,20.52,5,5.2,0.003,28.75,1.77,,,0.22,0.13,0.2,0.3,1.2,4.5,10.1,3.2,6.4,0.6,2.1,0.5
221012-Exp-1-A1-2-97,221012,221012-Exp-1-A1-2,97,4,17,0,0,false,false,false,69.77,16.42,73.88,20.52,0,,,,,,,,,,,,,,,,,,
221012-Exp-1-A1-2-98,221012,221012-Exp-1-A1-2,98,4,18,0,0,false,false,false,73.88,16.42,77.98,20.52,0,,,,,,,,,,,,,,,,,,
221012-Exp-1-A1-2-99,221012,221012-Exp-1-A1-2,99,4,19,0,0,false,false,false,77.98,16.42,82.09,20.52,0,,,,,,,,,,,,,,,,,,
221012-Exp-1-A1-2-100,221012,221012-Exp-1-A1-2,100,5,0,0,0,false,false,false,0,20.52,4.1,24.63,90,1.98,0.053,517.5,31.86,,,0.19,0.08,0.2,1.8,24.4,4.5,16,1.6,11.6,100,550.1,0.6
221012-Exp-1-A1-2-101,221012,221012-Exp-1-A1-2,101,5,1,53,0,true,false,false,4.1,20.52,8.21,24.63,150,2.27,0.089,862.5,53.1,266,0.895,0.24,0.13,0.2,1.7,44.8,4.5,18.1,3.2,10.1,36.5,232.9,0.5
221012-Exp-1-A1-2-102,221012,221012-Exp-1-A1-2,102,5,2,54,0,true,false,false,8.21,20.52,12.31,24.63,27,4.65,0.016,155.25,9.56,343,0.481,0.29,0.19,0.2,1,7.9,6.4,16,3.2,9.1,4,17,0.4
221012-Exp-1-A1-2-103,221012,221012-Exp-1-A1-2,103,5,3,55,0,true,false,false,12.31,20.52,16.42,24.63,38,2.97,0.023,218.5,13.45,155,0.706,0.41,0.19,0.3,2.2,16.9,7.2,17.3,3.2,7.2,66.3,148.3,0.4
221012-Exp-1-A1-2-104,221012,221012-Exp-1-A1-2,104,5,4,56,0,true,false,false,16.42,20.52,20.52,24.63,45,3.23,0.027,258.75,15.93,117,0.589,0.21,0.16,0.2,1.1,9.3,6.4,10.1,3.2,7.2,100,157.6,0.7
221012-Exp-1-A1-2-105,221012,221012-Exp-1-A1-2,105,5,5,0,0,false,false,false,20.52,20.52,24.63,24.63,0,,,,,,,,,,,,,,,,,,
221012-Exp-1-A1-2-106,221012,221012-Exp-1-A1-2,106,5,6,57,0,true,false,false,24.63,20.52,28.73,24.63,82,1.69,0.049,471.5,29.03,147,0.816,0.3,0.13,0.4,5.9,41.3,4.5,12.8,3.2,7.2,100,221.5,0.4
221012-Exp-1-A1-2-107,221012,221012-Exp-1-A1-2,107,5,7,58,0,true,false,false,28.73,20.52,32.83,24.63,80,1.52,0.047,460,28.32,528,0.55,0.29,0.13,0.2,2,34.2,4.5,14.3,3.2,6.4,11.6,93.7,0.6
221012-Exp-1-A1-2-108,221012,221012-Exp-1-A1-2,108,5,8,0,0,false,false,false,32.83,20.52,36.94,24.63,16,4.3,0.009,92,5.66,,,0.32,0.16,0.3,3.9,10,4.5,10.1,3.2,4.5,6.6,12.3,0.4
221012-Exp-1-A1-2-109,221012,221012-Exp-1-A1-2,109,5,9,0,0,false,false,false,36.94,20.52,41.04,24.63,8,4.57,0.005,46,2.83,,,0.25,0.12,0.3,0.9,2.6,3.9,10.1,3.2,4.5,1.4,2.9,0.2
221012-Exp-1-A1-2-110,221012,221012-Exp-1-A1-2,110,5,10,59,0,true,false,false,41.04,20.52,45.15,24.63,26,2.28,0.015,149.5,9.2,62,0.795,0.48,0.27,0.2,4.4,16.1,7.2,16.3,3.2,9.6,100,108.6,0.3
221012-Exp-1-A1-2-111,221012,221012-Exp-1-A1-2,111,5,11,60,0,true,false,false,45.15,20.52,49.25,24.63,167,1.28,0.099,960.25,59.12,201,0.959,0.44,0.21,0.4,4.3,83.5,7.2,18.1,3.2,11.6,27.3,167.1,0.4
221012-Exp-1-A1-2-112,221012,221012-Exp-1-A1-2,112,5,12,61,0,true,false,false,49.25,20.52,53.36,24.63,352,0.81,0.209,2024,124.6,220,0.877,0.47,0.19,0.4,3.1,168.6,7.2,17.3,3.2,11.6,52.1,593.9,0.5
221012-Exp-1-A1-2-113,221012,221012-Exp-1-A1-2,113,5,13,62,0,true,false,false,53.36,20.52,57.46,24.63,313,0.82,0.186,1799.75,110.8,333,0.881,0.51,0.21,0.4,2.8,161.4,7.2,18.1,3.2,11.6,82.5,518,0.6
221012-Exp-1-A1-2-114,221012,221012-Exp-1-A1-2,114,5,14,63,0,true,false,false,57.46,20.52,61.56,24.63,151,1.2,0.09,868.25,53.45,341,0.908,0.26,0.13,0.2,1.8,52.8,4.5,18.1,3.2,10.1,67.5,267.4,0.4
221012-Exp-1-A1-2-115,221012,221012-Exp-1-A1-2,115,5,15,64,0,true,false,false,61.56,20.52,65.67,24.63,220,1.45,0.131,1265,77.88,257,0.955,0.35,0.21,0.2,1.9,76.5,7.2,17.3,3.2,11.6,51.7,227.2,0.4
221012-Exp-1-A1-2-116,221012,221012-Exp-1-A1-2,116,5,16,0,0,false,false,false,65.67,20.52,69.77,24.63,11,5.73,0.007,63.25,3.89,,,0.24,0.24,0.2,0.6,2,7.2,14.3,3.2,6.4,4.1,10.6,0.6
221012-Exp-1-A1-2-117,221012,221012-Exp-1-A1-2,117,5,17,0,0,false,false,false,69.77,20.52,73.88,24.63,0,,,,,,,,,,,,,,,,,,
221012-Exp-1-A1-2-118,221012,221012-Exp-1-A1-2,118,5,18,0,0,false,false,false,73.88,20.52,77.98,24.63,0,,,,,,,,,,,,,,,,,,
221012-Exp-1-A1-2-119,221012,221012-Exp-1-A1-2,119,5,19,0,0,false,false,false,77.98,20.52,82.09,24.63,0,,,,,,,,,,,,,,,,,,
221012-Exp-1-A1-2-120,221012,221012-Exp-1-A1-2,120,6,0,0,0,false,false,false,0,24.63,4.1,28.73,114,1.7,0.068,655.5,40.35,,,0.3,0.16,0.2,2.3,39.6,6.4,17.3,3.2,11.6,100,530.6,0.4
221012-Exp-1-A1-2-121,221012,221012-Exp-1-A1-2,121,6,1,0,0,false,false,false,4.1,24.63,8.21,28.73,27,3.43,0.016,155.25,9.56,,,0.15,0.09,0.2,1.3,10.2,4.5,11.6,3.2,4.5,12.9,47.7,0.6
221012-Exp-1-A1-2-122,221012,221012-Exp-1-A1-2,122,6,2,65,0,true,false,false,8.21,24.63,12.31,28.73,152,1.96,0.09,874,53.81,178,0.921,0.39,0.27,0.2,1.8,56.7,7.2,18.1,3.2,11.6,19.7,152,0.4
221012-Exp-1-A1-2-123,221012,221012-Exp-1-A1-2,123,6,3,66,0,true,false,false,12.31,24.63,16.42,28.73,163,1.52,0.097,937.25,57.7,271,0.902,0.28,0.19,0.2,1.9,60.3,7.2,18.1,3.2,11.6,17.5,173.4,0.4
221012-Exp-1-A1-2-124,221012,221012-Exp-1-A1-2,124,6,4,0,0,false,false,false,16.42,24.63,20.52,28.73,28,5.35,0.017,161,9.91,,,0.21,0.19,0.2,0.7,7.2,6.4,13.2,3.2,7.2,9.4,17.9,0.3
221012-Exp-1-A1-2-125,221012,221012-Exp-1-A1-2,125,6,5,0,0,false,false,false,20.52,24.63,24.63,28.73,19,3.92,0.011,109.25,6.73,,,0.28,0.22,0.3,0.7,5.9,6.4,10.1,3.2,7.2,7.4,20.5,0.4
221012-Exp-1-A1-2-126,221012,221012-Exp-1-A1-2,126,6,6,67,0,true,false,false,24.63,24.63,28.73,28.73,89,2.03,0.053,511.75,31.5,285,0.745,0.24,0.11,0.2,1.5,29.3,4.5,11.6,3.2,11.6,54.7,218.5,0.3
221012-Exp-1-A1-2-127,221012,221012-Exp-1-A1-2,127,6,7,68,0,true,false,false,28.73,24.63,32.83,28.73,101,1.5,0.06,580.75,35.75,489,0.496,0.28,0.14,0.3,5,48.3,4.5,11.6,3.2,6.4,5,66.6,0.5
221012-Exp-1-A1-2-128,221012,221012-Exp-1-A1-2,128,6,8,69,0,true,false,false,32.83,24.63,36.94,28.73,55,1.75,0.033,316.25,19.47,153,0.927,0.6,0.21,0.3,5,33.5,7.2,11.6,3.2,9.6,100,132.9,0.3
221012-Exp-1-A1-2-129,221012,221012-Exp-1-A1-2,129,6,9,0,0,false,false,false,36.94,24.63,41.04,28.73,14,3.2,0.008,80.5,4.96,,,0.11,0.09,0.2,0.5,2.4,3.9,7.2,3.2,4.5,1.7,4.5,0.2
221012-Exp-1-A1-2-130,221012,221012-Exp-1-A1-2,130,6,10,70,0,true,false,false,41.04,24.63,45.15,28.73,69,1.65,0.041,396.75,24.42,181,0.869,0.45,0.22,0.4,1.5,27.7,6.4,16.3,3.2,9.6,3.3,35,0.3
221012-Exp-1-A1-2-131,221012,221012-Exp-1-A1-2,131,6,11,71,0,true,false,false,45.15,24.63,49.25,28.73,75,1.65,0.045,431.25,26.55,177,0.712,0.37,0.19,0.3,1.4,25.9,6.4,11.6,3.2,10.1,49.3,88.8,0.4
221012-Exp-1-A1-2-132,221012,221012-Exp-1-A1-2,132,6,12,72,0,true,false,false,49.25,24.63,53.36,28.73,186,1.2,0.11,1069.5,65.84,191,0.89,0.31,0.14,0.2,2.4,74,6.4,18.1,3.2,10.1,65.5,568,0.6
221012-Exp-1-A1-2-133,221012,221012-Exp-1-A1-2,133,6,13,73,0,true,false,false,53.36,24.63,57.46,28.73,226,1.13,0.134,1299.5,80,187,0.844,0.28,0.16,0.2,2.4,87.3,7.2,18.1,3.2,11.6,46.9,386.5,0.4
221012-Exp-1-A1-2-134,221012,221012-Exp-1-A1-2,134,6,14,74,0,true,false,false,57.46,24.63,61.56,28.73,141,1.18,0.084,810.75,49.91,144,0.891,0.2,0.13,0.2,3.6,47.3,4.5,16.3,3.2,11.6,100,346.8,0.5
221012-Exp-1-A1-2-135,221012,221012-Exp-1-A1-2,135,6,15,75,0,true,false,false,61.56,24.63,65.67,28.73,103,1.53,0.061,592.25,36.46,158,0.897,0.26,0.15,0.2,2.3,37.1,6.4,14.3,3.2,7.2,22.5,150.5,0.4
221012-Exp-1-A1-2-136,221012,221012-Exp-1-A1-2,136,6,16,0,0,false,false,false,65.67,24.63,69.77,28.73,11,7.37,0.007,63.25,3.89,,,0.39,0.26,0.2,0.5,2.9,7.2,12.8,4.5,7.2,7.8,11.9,0.2
221012-Exp-1-A1-2-137,221012,221012-Exp-1-A1-2,137,6,17,0,0,false,false,false,69.77,24.63,73.88,28.73,0,,,,,,,,,,,,,,,,,,
221012-Exp-1-A1-2-138,221012,221012-Exp-1-A1-2,138,6,18,0,0,false,false,false,73.88,24.63,77.98,28.73,0,,,,,,,,,,,,,,,,,,
221012-Exp-1-A1-2-139,221012,221012-Exp-1-A1-2,139,6,19,0,0,false,false,false,77.98,24.63,82.09,28.73,0,,,,,,,,,,,,,,,,,,
221012-Exp-1-A1-2-140,221012,221012-Exp-1-A1-2,140,7,0,76,0,true,false,false,0,28.73,4.1,32.83,225,1.77,0.134,1293.75,79.65,183,0.867,0.19,0.13,0.2,3.2,73.5,5.5,17.3,3.2,10.1,78.5,530.6,0.5
221012-Exp-1-A1-2-141,221012,221012-Exp-1-A1-2,141,7,1,77,0,true,false,false,4.1,28.73,8.21,32.83,68,3.19,0.04,391,24.07,256,0.631,0.15,0.13,0.2,1,17.4,5.5,13.2,3.2,6.4,6.2,70.7,0.5
221012-Exp-1-A1-2-142,221012,221012-Exp-1-A1-2,142,7,2,78,0,true,false,false,8.21,28.73,12.31,32.83,126,2.3,0.075,724.5,44.6,179,0.796,0.32,0.19,0.2,3.6,54.2,6.4,18.1,3.2,11.6,86.2,296.8,0.5
221012-Exp-1-A1-2-143,221012,221012-Exp-1-A1-2,143,7,3,79,0,true,false,false,12.31,28.73,16.42,32.83,137,1.34,0.081,787.75,48.5,174,0.898,0.2,0.1,0.2,1.6,39.9,4.5,16.3,3.2,11.6,100,675.2,0.7
221012-Exp-1-A1-2-144,221012,221012-Exp-1-A1-2,144,7,4,80,0,true,false,false,16.42,28.73,20.52,32.83,102,1.65,0.061,586.5,36.11,186,0.901,0.17,0.13,0.2,2.7,30.7,4.5,16,3.2,7.2,77.1,320.5,0.5
221012-Exp-1-A1-2-145,221012,221012-Exp-1-A1-2,145,7,5,81,0,true,false,false,20.52,28.73,24.63,32.83,34,2.6,0.02,195.5,12.04,162,0.713,0.15,0.09,0.2,1,7.9,4.5,11.6,2.7,7.2,100,212.5,0.2
221012-Exp-1-A1-2-146,221012,221012-Exp-1-A1-2,146,7,6,0,0,false,false,false,24.63,28.73,28.73,32.83,23,2.87,0.014,132.25,8.14,,,0.26,0.1,0.2,2.4,10.6,4.5,16,3.2,11.6,100,215.1,0.3
221012-Exp-1-A1-2-147,221012,221012-Exp-1-A1-2,147,7,7,82,0,true,false,false,28.73,28.73,32.83,32.83,30,2.03,0.018,172.5,10.62,37,0.907,0.31,0.19,0.2,2.4,10.8,4.5,11.6,3.2,9.1,3.8,14.5,0.2
221012-Exp-1-A1-2-148,221012,221012-Exp-1-A1-2,148,7,8,83,0,true,false,false,32.83,28.73,36.94,32.83,95,1.38,0.056,546.25,33.63,110,0.935,0.32,0.18,0.2,2.2,31.6,4.5,13.2,3.2,9.6,6.7,55.6,0.3
221012-Exp-1-A1-2-149,221012,221012-Exp-1-A1-2,149,7,9,0,0,false,false,false,36.94,28.73,41.04,32.83,14,3.35,0.008,80.5,4.96,,,0.32,0.28,0.2,0.5,3.4,5.6,9.1,3.4,9.1,0.7,3.7,0.3
221012-Exp-1-A1-2-150,221012,221012-Exp-1-A1-2,150,7,10,0,0,false,false,false,41.04,28.73,45.15,32.83,8,6.54,0.005,46,2.83,,,0.16,0.11,0.2,0.7,2.6,3.9,11.6,2.7,11.6,1.9,5.1,0.3
221012-Exp-1-A1-2-151,221012,221012-Exp-1-A1-2,151,7,11,84,0,true,false,false,45.15,28.73,49.25,32.83,97,1.75,0.058,557.75,34.34,138,0.918,0.31,0.19,0.2,1.3,30,6.4,17.3,3.2,7.2,11.4,80.3,0.4
221012-Exp-1-A1-2-152,221012,221012-Exp-1-A1-2,152,7,12,85,0,true,false,false,49.25,28.73,53.36,32.83,136,1.48,0.081,782,48.14,89,0.926,0.17,0.13,0.2,5.1,40.9,4.5,16,3.2,9.6,35.6,263,0.3
221012-Exp-1-A1-2-153,221012,221012-Exp-1-A1-2,153,7,13,86,0,true,false,false,53.36,28.73,57.46,32.83,100,1.63,0.059,575,35.4,152,0.844,0.35,0.17,0.2,4.8,47.7,6.4,16,3.2,9.1,46.7,273.6,0.6
221012-Exp-1-A1-2-154,221012,221012-Exp-1-A1-2,154,7,14,87,0,true,false,false,57.46,28.73,61.56,32.83,56,2.07,0.033,322,19.82,69,0.853,0.35,0.19,0.2,3.2,28.8,7.2,11.6,3.2,9.1,17.3,100.1,0.4
221012-Exp-1-A1-2-155,221012,221012-Exp-1-A1-2,155,7,15,88,0,true,false,false,61.56,28.73,65.67,32.83,93,1.7,0.055,534.75,32.92,218,0.874,0.3,0.19,0.2,1.7,32.2,6.4,13.6,3.2,7.2,10.1,75.8,0.3
221012-Exp-1-A1-2-156,221012,221012-Exp-1-A1-2,156,7,16,89,0,true,false,false,65.67,28.73,69.77,32.83,31,3.22,0.018,178.25,10.97,289,0.407,0.45,0.3,0.2,2.7,13.8,7.2,16.3,3.2,10.1,5.9,20.1,0.3
221012-Exp-1-A1-2-157,221012,221012-Exp-1-A1-2,157,7,17,0,0,false,false,false,69.77,28.73,73.88,32.83,0,,,,,,,,,,,,,,,,,,
221012-Exp-1-A1-2-158,221012,221012-Exp-1-A1-2,158,7,18,0,0,false,false,false,73.88,28.73,77.98,32.83,0,,,,,,,,,,,,,,,,,,
221012-Exp-1-A1-2-159,221012,221012-Exp-1-A1-2,159,7,19,0,0,false,false,false,77.98,28.73,82.09,32.83,0,,,,,,,,,,,,,,,,,,
221012-Exp-1-A1-2-160,221012,221012-Exp-1-A1-2,160,8,0,90,0,true,false,false,0,32.83,4.1,36.94,150,1.65,0.089,862.5,53.1,211,0.811,0.19,0.13,0.2,4.4,52.9,6.4,17.3,3.2,10.1,26.9,265.5,0.5
221012-Exp-1-A1-2-161,221012,221012-Exp-1-A1-2,161,8,1,91,0,true,false,false,4.1,32.83,8.21,36.94,144,1.9,0.085,828,50.97,246,0.892,0.22,0.17,0.2,1.5,44,6.4,18.1,3.2,10.1,23.6,131.5,0.4
221012-Exp-1-A1-2-162,221012,221012-Exp-1-A1-2,162,8,2,92,0,true,false,false,8.21,32.83,12.31,36.94,167,1.26,0.099,960.25,59.12,189,0.911,0.18,0.12,0.2,7.2,60.6,4.5,18.1,3.2,10.1,67.6,459.7,0.4
221012-Exp-1-A1-2-163,221012,221012-Exp-1-A1-2,163,8,3,0,0,false,false,false,12.31,32.83,16.42,36.94,96,2.45,0.057,552,33.98,,,0.1,0.07,0.2,1.6,20.7,4.5,10.1,0,4.5,100,479.8,0.7
221012-Exp-1-A1-2-164,221012,221012-Exp-1-A1-2,164,8,4,93,0,true,false,false,16.42,32.83,20.52,36.94,143,1.61,0.085,822.25,50.62,211,0.928,0.26,0.17,0.2,1.4,48.4,6.4,17.3,3.2,11.6,100,268.6,0.4
221012-Exp-1-A1-2-165,221012,221012-Exp-1-A1-2,165,8,5,94,0,true,false,false,20.52,32.83,24.63,36.94,69,3.38,0.041,396.75,24.42,332,0.659,0.31,0.26,0.2,1.2,19.8,7.2,11.6,3.2,10.1,51.7,121.8,0.5
221012-Exp-1-A1-2-166,221012,221012-Exp-1-A1-2,166,8,6,0,0,false,false,false,24.63,32.83,28.73,36.94,19,3.3,0.011,109.25,6.73,,,0.26,0.13,0.2,2.6,6.2,4.5,7.2,3.2,7.2,27.9,38.5,0.4
221012-Exp-1-A1-2-167,221012,221012-Exp-1-A1-2,167,8,7,0,0,false,false,false,28.73,32.83,32.83,36.94,19,3.39,0.011,109.25,6.73,,,0.21,0.17,0.2,1.4,7.4,4.5,11.6,3.2,7.2,5.2,10.5,0.2
221012-Exp-1-A1-2-168,221012,221012-Exp-1-A1-2,168,8,8,0,0,false,false,false,32.83,32.83,36.94,36.94,13,3.87,0.008,74.75,4.6,,,0.22,0.13,0.3,6.1,11.6,7.2,9.6,3.2,4.5,21.7,48.8,1.1
221012-Exp-1-A1-2-169,221012,221012-Exp-1-A1-2,169,8,9,95,0,true,false,false,36.94,32.83,41.04,36.94,38,3.6,0.023,218.5,13.45,346,0.628,0.16,0.18,0.2,0.7,8.5,4.5,12.8,3.2,9.1,35.9,60.4,0.5
221012-Exp-1-A1-2-170,221012,221012-Exp-1-A1-2,170,8,10,0,0,false,false,false,41.04,32.83,45.15,36.94,0,,,,,,,,,,,,,,,,,,
221012-Exp-1-A1-2-171,221012,221012-Exp-1-A1-2,171,8,11,0,0,false,false,false,45.15,32.83,49.25,36.94,7,4.63,0.004,40.25,2.48,,,0.35,0.27,0.4,0.6,2.7,7.2,9.6,3.2,7.2,0.6,2.7,0.5
221012-Exp-1-A1-2-172,221012,221012-Exp-1-A1-2,172,8,12,96,0,true,false,false,49.25,32.83,53.36,36.94,40,2.87,0.024,230,14.16,192,0.807,0.13,0.13,0.2,2.5,11,4.5,11.6,3.2,7.2,51.8,126,0.3
221012-Exp-1-A1-2-173,221012,221012-Exp-1-A1-2,173,8,13,97,0,true,false,false,53.36,32.83,57.46,36.94,41,2.29,0.024,235.75,14.51,155,0.898,0.19,0.11,0.2,1.6,11.2,4.5,14.3,3.2,11.6,51.8,179.8,0.5
221012-Exp-1-A1-2-174,221012,221012-Exp-1-A1-2,174,8,14,98,0,true,false,false,57.46,32.83,61.56,36.94,52,2.44,0.031,299,18.41,252,0.827,0.19,0.17,0.2,1,12.2,4.5,16,3.2,6.4,17,61.1,0.4
221012-Exp-1-A1-2-175,221012,221012-Exp-1-A1-2,175,8,15,99,0,true,false,false,61.56,32.83,65.67,36.94,54,2.3,0.032,310.5,19.12,60,0.939,0.19,0.17,0.2,1.2,14.5,4.5,16,3.2,9.1,45.2,116.6,0.3
221012-Exp-1-A1-2-176,221012,221012-Exp-1-A1-2,176,8,16,0,0,false,false,false,65.67,32.83,69.77,36.94,17,3.33,0.01,97.75,6.02,,,0.41,0.26,0.3,3.4,9.4,9.1,11.6,3.2,6.4,100,109.4,0.4
221012-Exp-1-A1-2-177,221012,221012-Exp-1-A1-2,177,8,17,0,0,false,false,false,69.77,32.83,73.88,36.94,0,,,,,,,,,,,,,,,,,,
221012-Exp-1-A1-2-178,221012,221012-Exp-1-A1-2,178,8,18,0,0,false,false,false,73.88,32.83,77.98,36.94,0,,,,,,,,,,,,,,,,,,
221012-Exp-1-A1-2-179,221012,221012-Exp-1-A1-2,179,8,19,0,0,false,false,false,77.98,32.83,82.09,36.94,0,,,,,,,,,,,,,,,,,,
221012-Exp-1-A1-2-180,221012,221012-Exp-1-A1-2,180,9,0,100,0,true,false,false,0,36.94,4.1,41.04,147,1.43,0.087,845.25,52.04,209,0.89,0.15,0.13,0.2,2,40.4,4.5,17.3,3.2,9.1,27.7,302.4,0.5
221012-Exp-1-A1-2-181,221012,221012-Exp-1-A1-2,181,9,1,101,0,true,false,false,4.1,36.94,8.21,41.04,119,1.73,0.071,684.25,42.12,121,0.962,0.28,0.19,0.2,3.2,40.5,6.4,16.3,3.2,10.1,9.5,90,0.3
221012-Exp-1-A1-2-182,221012,221012-Exp-1-A1-2,182,9,2,102,0,true,false,false,8.21,36.94,12.31,41.04,95,1.41,0.056,546.25,33.63,261,0.735,0.16,0.11,0.2,7.5,41.8,4.5,14.3,3.2,4.5,92.3,435.5,0.6
221012-Exp-1-A1-2-183,221012,221012-Exp-1-A1-2,183,9,3,103,0,true,false,false,12.31,36.94,16.42,41.04,151,1.23,0.09,868.25,53.45,142,0.735,0.28,0.13,0.2,6.7,61.2,4.5,13.6,3.2,11.6,47.3,300.9,0.5
221012-Exp-1-A1-2-184,221012,221012-Exp-1-A1-2,184,9,4,104,0,true,false,false,16.42,36.94,20.52,41.04,136,1.47,0.081,782,48.14,213,0.834,0.32,0.16,0.2,2,45.9,6.4,17.3,3.2,10.1,24.1,150.3,0.4
221012-Exp-1-A1-2-185,221012,221012-Exp-1-A1-2,185,9,5,105,0,true,false,false,20.52,36.94,24.63,41.04,27,3.05,0.016,155.25,9.56,666,0.324,0.21,0.13,0.2,5.5,15.9,5.8,10.1,3.2,9.1,81.6,110.4,0.4
221012-Exp-1-A1-2-186,221012,221012-Exp-1-A1-2,186,9,6,106,0,true,false,false,24.63,36.94,28.73,41.04,44,3.1,0.026,253,15.58,102,0.926,0.31,0.19,0.2,8,28.9,6.4,11.6,3.2,9.1,21.2,80,0.3
221012-Exp-1-A1-2-187,221012,221012-Exp-1-A1-2,187,9,7,0,0,false,false,false,28.73,36.94,32.83,41.04,4,4.9,0.002,23,1.42,,,0.25,0.23,0.2,1,1.6,6.4,7.2,3.9,4.5,1.3,2.5,0.6
221012-Exp-1-A1-2-188,221012,221012-Exp-1-A1-2,188,9,8,0,0,false,false,false,32.83,36.94,36.94,41.04,4,9.95,0.002,23,1.42,,,0.11,0.1,0.2,0.2,0.6,4.5,4.5,3.2,3.2,1.3,2.3,0.4
221012-Exp-1-A1-2-189,221012,221012-Exp-1-A1-2,189,9,9,0,0,false,false,false,36.94,36.94,41.04,41.04,0,,,,,,,,,,,,,,,,,,
221012-Exp-1-A1-2-190,221012,221012-Exp-1-A1-2,190,9,10,0,0,false,false,false,41.04,36.94,45.15,41.04,0,,,,,,,,,,,,,,,,,,
221012-Exp-1-A1-2-191,221012,221012-Exp-1-A1-2,191,9,11,0,0,false,false,false,45.15,36.94,49.25,41.04,0,,,,,,,,,,,,,,,,,,
221012-Exp-1-A1-2-192,221012,221012-Exp-1-A1-2,192,9,12,0,0,false,false,false,49.25,36.94,53.36,41.04,3,5.69,0.002,17.25,1.06,,,0.13,0.13,0.2,0.4,0.7,3.2,7.2,2.3,3.2,0.4,0.9,0.3
221012-Exp-1-A1-2-193,221012,221012-Exp-1-A1-2,193,9,13,107,0,true,false,false,53.36,36.94,57.46,41.04,66,2.46,0.039,379.5,23.36,103,0.61,0.17,0.13,0.2,2.5,19.3,4.5,11.6,3.2,7.2,29.1,159,0.4
221012-Exp-1-A1-2-194,221012,221012-Exp-1-A1-2,194,9,14,108,0,true,false,false,57.46,36.94,61.56,41.04,80,1.68,0.047,460,28.32,82,0.669,0.27,0.13,0.2,2.8,29.9,4.5,14.3,3.2,10.1,27.1,172,0.6
221012-Exp-1-A1-2-195,221012,221012-Exp-1-A1-2,195,9,15,109,0,true,false,false,61.56,36.94,65.67,41.04,108,1.7,0.064,621,38.23,80,0.887,0.21,0.15,0.2,1.4,34.3,6.4,14.3,3.2,11.6,12.8,117.6,0.3
221012-Exp-1-A1-2-196,221012,221012-Exp-1-A1-2,196,9,16,110,0,true,false,false,65.67,36.94,69.77,41.04,43,3.02,0.026,247.25,15.22,248,0.773,0.35,0.32,0.2,1,12.4,7.2,11.6,4.5,10.1,1.8,22.5,0.3
221012-Exp-1-A1-2-197,221012,221012-Exp-1-A1-2,197,9,17,0,0,false,false,false,69.77,36.94,73.88,41.04,0,,,,,,,,,,,,,,,,,,
221012-Exp-1-A1-2-198,221012,221012-Exp-1-A1-2,198,9,18,0,0,false,false,false,73.88,36.94,77.98,41.04,0,,,,,,,,,,,,,,,,,,
221012-Exp-1-A1-2-199,221012,221012-Exp-1-A1-2,199,9,19,0,0,false,false,false,77.98,36.94,82.09,41.04,0,,,,,,,,,,,,,,,,,,
221012-Exp-1-A1-2-200,221012,221012-Exp-1-A1-2,200,10,0,111,0,true,false,false,0,41.04,4.1,45.15,53,2.06,0.031,304.75,18.76,77,0.411,0.15,0.07,0.2,2,18.4,4.5,13.2,0,4.5,95.8,314.4,0.8
221012-Exp-1-A1-2-201,221012,221012-Exp-1-A1-2,201,10,1,112,0,true,false,false,4.1,41.04,8.21,45.15,39,1.95,0.023,224.25,13.81,220,0.632,0.29,0.19,0.2,0.8,11.6,6.4,12.8,3.2,7.2,7.9,25,0.3
221012-Exp-1-A1-2-202,221012,221012-Exp-1-A1-2,202,10,2,113,0,true,false,false,8.21,41.04,12.31,45.15,51,2.19,0.03,293.25,18.05,139,0.907,0.15,0.13,0.2,6,23.7,4.5,13.2,3.2,11.6,100,153.7,0.3
221012-Exp-1-A1-2-203,221012,221012-Exp-1-A1-2,203,10,3,114,0,true,false,false,12.31,41.04,16.42,45.15,36,2.21,0.021,207,12.74,28,0.989,0.23,0.13,0.2,5.2,14.3,4.5,13.2,3.2,10.1,35.2,99,0.2
221012-Exp-1-A1-2-204,221012,221012-Exp-1-A1-2,204,10,4,0,0,false,false,false,16.42,41.04,20.52,45.15,13,4.44,0.008,74.75,4.6,,,0.21,0.16,0.2,3.9,6.1,4.5,9.1,3.2,7.2,9.3,13.1,0.3
221012-Exp-1-A1-2-205,221012,221012-Exp-1-A1-2,205,10,5,115,0,true,false,false,20.52,41.04,24.63,45.15,59,2.54,0.035,339.25,20.88,175,0.751,0.16,0.13,0.2,2.2,19.1,4.5,16,3.2,11.6,14.5,77.5,0.5
221012-Exp-1-A1-2-206,221012,221012-Exp-1-A1-2,206,10,6,116,0,true,false,false,24.63,41.04,28.73,45.15,48,3.72,0.028,276,16.99,198,0.647,0.19,0.17,0.2,1.1,10.9,4.5,13.2,3.2,10.1,16.8,58.3,0.4
221012-Exp-1-A1-2-207,221012,221012-Exp-1-A1-2,207,10,7,117,0,true,false,false,28.73,41.04,32.83,45.15,38,4.32,0.023,218.5,13.45,236,0.647,0.16,0.16,0.2,0.5,7,4.5,9.1,3.2,6.4,2.9,18.4,0.3
221012-Exp-1-A1-2-208,221012,221012-Exp-1-A1-2,208,10,8,0,0,false,false,false,32.83,41.04,36.94,45.15,0,,,,,,,,,,,,,,,,,,
221012-Exp-1-A1-2-209,221012,221012-Exp-1-A1-2,209,10,9,0,0,false,false,false,36.94,41.04,41.04,45.15,0,,,,,,,,,,,,,,,,,,
221012-Exp-1-A1-2-210,221012,221012-Exp-1-A1-2,210,10,10,0,0,false,false,false,41.04,41.04,45.15,45.15,0,,,,,,,,,,,,,,,,,,
221012-Exp-1-A1-2-211,221012,221012-Exp-1-A1-2,211,10,11,0,0,false,false,false,45.15,41.04,49.25,45.15,0,,,,,,,,,,,,,,,,,,
221012-Exp-1-A1-2-212,221012,221012-Exp-1-A1-2,212,10,12,0,0,false,false,false,49.25,41.04,53.36,45.15,0,,,,,,,,,,,,,,,,,,
221012-Exp-1-A1-2-213,221012,221012-Exp-1-A1-2,213,10,13,118,0,true,false,false,53.36,41.04,57.46,45.15,26,4.41,0.015,149.5,9.2,694,0.346,0.21,0.2,0.2,1.4,7.5,7.2,11.6,3.2,7.2,47.8,63.5,0.5
221012-Exp-1-A1-2-214,221012,221012-Exp-1-A1-2,214,10,14,119,0,true,false,false,57.46,41.04,61.56,45.15,67,2.36,0.04,385.25,23.72,188,0.654,0.29,0.19,0.2,5.1,29.4,7.2,16.3,3.2,10.1,24,157.1,0.6
221012-Exp-1-A1-2-215,221012,221012-Exp-1-A1-2,215,10,15,120,0,true,false,false,61.56,41.04,65.67,45.15,38,2.57,0.023,218.5,13.45,67,0.975,0.31,0.17,0.2,2.1,13.5,6.8,13.2,3.2,11.6,18.8,66.1,0.2
221012-Exp-1-A1-2-216,221012,221012-Exp-1-A1-2,216,10,16,0,0,false,false,false,65.67,41.04,69.77,45.15,12,4.13,0.007,69,4.25,,,0.13,0.16,0.2,0.5,1.6,4.5,10.1,3.2,4.5,0.6,3.5,0.3
221012-Exp-1-A1-2-217,221012,221012-Exp-1-A1-2,217,10,17,0,0,false,false,false,69.77,41.04,73.88,45.15,0,,,,,,,,,,,,,,,,,,
221012-Exp-1-A1-2-218,221012,221012-Exp-1-A1-2,218,10,18,0,0,false,false,false,73.88,41.04,77.98,45.15,0,,,,,,,,,,,,,,,,,,
221012-Exp-1-A1-2-219,221012,221012-Exp-1-A1-2,219,10,19,0,0,false,false,false,77.98,41.04,82.09,45.15,0,,,,,,,,,,,,,,,,,,
221012-Exp-1-A1-2-220,221012,221012-Exp-1-A1-2,220,11,0,121,0,true,false,false,0,45.15,4.1,49.25,35,2.3,0.021,201.25,12.39,85,0.684,0.14,0.08,0.2,1.6,12.4,4.5,11.6,2.3,6.4,66.3,283.6,0.6
221012-Exp-1-A1-2-221,221012,221012-Exp-1-A1-2,221,11,1,122,0,true,false,false,4.1,45.15,8.21,49.25,29,2.81,0.017,166.75,10.27,388,0.515,0.27,0.11,0.2,3.8,12.8,4.5,9.6,3.2,7.2,62.5,103.7,0.8
221012-Exp-1-A1-2-222,221012,221012-Exp-1-A1-2,222,11,2,0,0,false,false,false,8.21,45.15,12.31,49.25,2,7,0.001,11.5,0.71,,,21.94,0.12,2.4,4.6,4.8,5.2,7.2,3.2,3.2,2.6,2.7,1.4
221012-Exp-1-A1-2-223,221012,221012-Exp-1-A1-2,223,11,3,0,0,false,false,false,12.31,45.15,16.42,49.25,17,3.99,0.01,97.75,6.02,,,0.15,0.14,0.2,0.9,4.1,6.4,9.1,3.2,7.2,27.4,38.3,0.4
221012-Exp-1-A1-2-224,221012,221012-Exp-1-A1-2,224,11,4,0,0,false,false,false,16.42,45.15,20.52,49.25,19,3.39,0.011,109.25,6.73,,,0.18,0.15,0.2,0.5,3,4.5,10.1,3.2,7.2,1,6.1,0.3
221012-Exp-1-A1-2-225,221012,221012-Exp-1-A1-2,225,11,5,0,0,false,false,false,20.52,45.15,24.63,49.25,10,5.57,0.006,57.5,3.54,,,0.17,0.19,0.2,1.5,2.8,5.5,9.1,3.2,4.5,7.1,12.7,0.5
221012-Exp-1-A1-2-226,221012,221012-Exp-1-A1-2,226,11,6,123,0,true,false,false,24.63,45.15,28.73,49.25,43,4.38,0.026,247.25,15.22,19,0.76,0.3,0.28,0.2,1,13.3,7.2,17.3,3.2,9.1,4.5,25.8,0.4
221012-Exp-1-A1-2-227,221012,221012-Exp-1-A1-2,227,11,7,0,0,false,false,false,28.73,45.15,32.83,49.25,0,,,,,,,,,,,,,,,,,,
221012-Exp-1-A1-2-228,221012,221012-Exp-1-A1-2,228,11,8,0,0,false,false,false,32.83,45.15,36.94,49.25,0,,,,,,,,,,,,,,,,,,
221012-Exp-1-A1-2-229,221012,221012-Exp-1-A1-2,229,11,9,0,0,false,false,false,36.94,45.15,41.04,49.25,9,4.74,0.005,51.75,3.19,,,0.13,0.21,0.2,0.4,2,6.4,9.1,3.2,7.2,0.7,2.8,0.3
221012-Exp-1-A1-2-230,221012,221012-Exp-1-A1-2,230,11,10,0,0,false,false,false,41.04,45.15,45.15,49.25,11,7.48,0.007,63.25,3.89,,,0.19,0.19,0.2,0.3,2,4.5,11.6,3.2,7.2,1,3.3,0.3
221012-Exp-1-A1-2-231,221012,221012-Exp-1-A1-2,231,11,11,0,0,false,false,false,45.15,45.15,49.25,49.25,0,,,,,,,,,,,,,,,,,,
221012-Exp-1-A1-2-232,221012,221012-Exp-1-A1-2,232,11,12,0,0,false,false,false,49.25,45.15,53.36,49.25,0,,,,,,,,,,,,,,,,,,
221012-Exp-1-A1-2-233,221012,221012-Exp-1-A1-2,233,11,13,0,0,false,false,false,53.36,45.15,57.46,49.25,0,,,,,,,,,,,,,,,,,,
221012-Exp-1-A1-2-234,221012,221012-Exp-1-A1-2,234,11,14,0,0,false,false,false,57.46,45.15,61.56,49.25,0,,,,,,,,,,,,,,,,,,
221012-Exp-1-A1-2-235,221012,221012-Exp-1-A1-2,235,11,15,0,0,false,false,false,61.56,45.15,65.67,49.25,0,,,,,,,,,,,,,,,,,,
221012-Exp-1-A1-2-236,221012,221012-Exp-1-A1-2,236,11,16,0,0,false,false,false,65.67,45.15,69.77,49.25,1,9.95,0.001,5.75,0.35,,,0.19,0.19,0.2,0.2,0.2,4.5,4.5,4.5,4.5,0.1,0.1,0.1
221012-Exp-1-A1-2-237,221012,221012-Exp-1-A1-2,237,11,17,0,0,false,false,false,69.77,45.15,73.88,49.25,0,,,,,,,,,,,,,,,,,,
221012-Exp-1-A1-2-238,221012,221012-Exp-1-A1-2,238,11,18,0,0,false,false,false,73.88,45.15,77.98,49.25,0,,,,,,,,,,,,,,,,,,
221012-Exp-1-A1-2-239,221012,221012-Exp-1-A1-2,239,11,19,0,0,false,false,false,77.98,45.15,82.09,49.25,0,,,,,,,,,,,,,,,,,,
221012-Exp-1-A1-2-240,221012,221012-Exp-1-A1-2,240,12,0,124,0,true,false,false,0,49.25,4.1,53.36,20,4.42,0.012,115,7.08,26,0.927,0.14,0.13,0.2,1.8,3.9,4.5,12.8,3.2,7.2,36.9,55.9,0.3
221012-Exp-1-A1-2-241,221012,221012-Exp-1-A1-2,241,12,1,0,0,false,false,false,4.1,49.25,8.21,53.36,27,4.22,0.016,155.25,9.56,,,0.19,0.13,0.2,3.1,13.5,4.5,11.6,3.2,7.2,85.9,179.3,0.7
221012-Exp-1-A1-2-242,221012,221012-Exp-1-A1-2,242,12,2,125,0,true,false,false,8.21,49.25,12.31,53.36,27,4.25,0.016,155.25,9.56,673,0.542,0.17,0.13,0.2,0.6,6.1,4.5,9.1,3.2,4.5,7.5,36.5,0.4
221012-Exp-1-A1-2-243,221012,221012-Exp-1-A1-2,243,12,3,0,0,false,false,false,12.31,49.25,16.42,53.36,1,9.95,0.001,5.75,0.35,,,0,0,0,0,0,0,0,0,0,0.1,0.1,0.1
221012-Exp-1-A1-2-244,221012,221012-Exp-1-A1-2,244,12,4,0,0,false,false,false,16.42,49.25,20.52,53.36,26,4.27,0.015,149.5,9.2,,,0.19,0.16,0.2,1.6,7,4.5,10.1,3.2,7.2,3.8,16.5,0.3
221012-Exp-1-A1-2-245,221012,221012-Exp-1-A1-2,245,12,5,126,0,true,false,false,20.52,49.25,24.63,53.36,28,3.88,0.017,161,9.91,98,0.882,0.13,0.13,0.2,1.2,9.4,4.5,11.6,3.2,6.4,26.7,68.5,0.7
221012-Exp-1-A1-2-246,221012,221012-Exp-1-A1-2,246,12,6,127,0,true,false,false,24.63,49.25,28.73,53.36,29,4.15,0.017,166.75,10.27,138,0.518,0.32,0.19,0.2,2.1,10.3,7.2,13.2,3.2,7.2,5.4,37.1,0.6
221012-Exp-1-A1-2-247,221012,221012-Exp-1-A1-2,247,12,7,0,0,false,false,false,28.73,49.25,32.83,53.36,19,3.22,0.011,109.25,6.73,,,0.19,0.17,0.2,1.1,5.2,4.5,11.6,3.2,7.2,12.4,19.4,0.2
221012-Exp-1-A1-2-248,221012,221012-Exp-1-A1-2,248,12,8,0,0,false,false,false,32.83,49.25,36.94,53.36,3,9.95,0.002,17.25,1.06,,,0.16,0.22,0.2,0.2,0.5,7.2,9.1,3.2,4.5,1.8,2.3,0.3
221012-Exp-1-A1-2-249,221012,221012-Exp-1-A1-2,249,12,9,0,0,false,false,false,36.94,49.25,41.04,53.36,13,3.2,0.008,74.75,4.6,,,0.19,0.3,0.2,0.5,2.6,7.2,9.6,4.5,7.2,0.7,3.2,0.2
221012-Exp-1-A1-2-250,221012,221012-Exp-1-A1-2,250,12,10,0,0,false,false,false,41.04,49.25,45.15,53.36,4,6.04,0.002,23,1.42,,,0.29,0.33,0.2,0.5,0.9,6.8,7.2,5.5,7.2,1.4,2,0.3
221012-Exp-1-A1-2-251,221012,221012-Exp-1-A1-2,251,12,11,0,0,false,false,false,45.15,49.25,49.25,53.36,1,9.95,0.001,5.75,0.35,,,0.13,0.13,0.2,0.2,0.2,4.5,4.5,4.5,4.5,0.1,0.1,0.1
221012-Exp-1-A1-2-252,221012,221012-Exp-1-A1-2,252,12,12,0,0,false,false,false,49.25,49.25,53.36,53.36,0,,,,,,,,,,,,,,,,,,
221012-Exp-1-A1-2-253,221012,221012-Exp-1-A1-2,253,12,13,0,0,false,false,false,53.36,49.25,57.46,53.36,0,,,,,,,,,,,,,,,,,,
221012-Exp-1-A1-2-254,221012,221012-Exp-1-A1-2,254,12,14,0,0,false,false,false,57.46,49.25,61.56,53.36,0,,,,,,,,,,,,,,,,,,
221012-Exp-1-A1-2-255,221012,221012-Exp-1-A1-2,255,12,15,0,0,false,false,false,61.56,49.25,65.67,53.36,0,,,,,,,,,,,,,,,,,,
221012-Exp-1-A1-2-256,221012,221012-Exp-1-A1-2,256,12,16,0,0,false,false,false,65.67,49.25,69.77,53.36,0,,,,,,,,,,,,,,,,,,
221012-Exp-1-A1-2-257,221012,221012-Exp-1-A1-2,257,12,17,0,0,false,false,false,69.77,49.25,73.88,53.36,0,,,,,,,,,,,,,,,,,,
221012-Exp-1-A1-2-258,221012,221012-Exp-1-A1-2,258,12,18,0,0,false,false,false,73.88,49.25,77.98,53.36,0,,,,,,,,,,,,,,,,,,
221012-Exp-1-A1-2-259,221012,221012-Exp-1-A1-2,259,12,19,0,0,false,false,false,77.98,49.25,82.09,53.36,0,,,,,,,,,,,,,,,,,,
221012-Exp-1-A1-2-260,221012,221012-Exp-1-A1-2,260,13,0,128,0,true,false,false,0,53.36,4.1,57.46,38,3.92,0.023,218.5,13.45,273,0.819,0.17,0.13,0.2,1.4,9.9,4.5,10.1,3.2,7.2,18.4,43.3,0.3
221012-Exp-1-A1-2-261,221012,221012-Exp-1-A1-2,261,13,1,0,0,false,false,false,4.1,53.36,8.21,57.46,0,,,,,,,,,,,,,,,,,,
221012-Exp-1-A1-2-262,221012,221012-Exp-1-A1-2,262,13,2,129,0,true,false,false,8.21,53.36,12.31,57.46,27,3.88,0.016,155.25,9.56,191,0.901,0.26,0.17,0.2,0.9,7.4,6.4,12.8,3.2,9.6,7.6,36.4,0.3
221012-Exp-1-A1-2-263,221012,221012-Exp-1-A1-2,263,13,3,130,0,true,false,false,12.31,53.36,16.42,57.46,30,4.2,0.018,172.5,10.62,143,0.628,0.3,0.27,0.2,2.7,10.6,7.2,11.6,3.2,10.1,14.8,31.2,0.3
221012-Exp-1-A1-2-264,221012,221012-Exp-1-A1-2,264,13,4,131,0,true,false,false,16.42,53.36,20.52,57.46,24,4.93,0.014,138,8.5,207,0.623,0.3,0.26,0.2,2.4,8.2,6.8,16.3,4.5,10.1,3.6,16.1,0.3
221012-Exp-1-A1-2-265,221012,221012-Exp-1-A1-2,265,13,5,0,0,false,false,false,20.52,53.36,24.63,57.46,1,9.95,0.001,5.75,0.35,,,2.4,0.13,0.6,0.6,0.6,7.2,7.2,3.2,3.2,2.3,2.3,2.3
221012-Exp-1-A1-2-266,221012,221012-Exp-1-A1-2,266,13,6,0,0,false,false,false,24.63,53.36,28.73,57.46,4,4.9,0.002,23,1.42,,,0.23,0.16,0.3,2.7,3.2,5.2,10.1,3.2,4.5,4.4,5.3,0.4
221012-Exp-1-A1-2-267,221012,221012-Exp-1-A1-2,267,13,7,132,0,true,false,false,28.73,53.36,32.83,57.46,20,3.16,0.012,115,7.08,171,0.488,0.31,0.18,0.2,2.8,8.2,7.2,11.6,3.2,6.4,16.2,42.2,0.8
221012-Exp-1-A1-2-268,221012,221012-Exp-1-A1-2,268,13,8,0,0,false,false,false,32.83,53.36,36.94,57.46,9,3.88,0.005,51.75,3.19,,,0.26,0.19,0.2,0.7,2.1,6.4,9.6,3.2,6.4,8.4,9.6,0.2
221012-Exp-1-A1-2-269,221012,221012-Exp-1-A1-2,269,13,9,0,0,false,false,false,36.94,53.36,41.04,57.46,0,,,,,,,,,,,,,,,,,,
221012-Exp-1-A1-2-270,221012,221012-Exp-1-A1-2,270,13,10,0,0,false,false,false,41.04,53.36,45.15,57.46,0,,,,,,,,,,,,,,,,,,
221012-Exp-1-A1-2-271,221012,221012-Exp-1-A1-2,271,13,11,0,0,false,false,false,45.15,53.36,49.25,57.46,0,,,,,,,,,,,,,,,,,,
221012-Exp-1-A1-2-272,221012,221012-Exp-1-A1-2,272,13,12,0,0,false,false,false,49.25,53.36,53.36,57.46,0,,,,,,,,,,,,,,,,,,
221012-Exp-1-A1-2-273,221012,221012-Exp-1-A1-2,273,13,13,0,0,false,false,false,53.36,53.36,57.46,57.46,0,,,,,,,,,,,,,,,,,,
221012-Exp-1-A1-2-274,221012,221012-Exp-1-A1-2,274,13,14,0,0,false,false,false,57.46,53.36,61.56,57.46,0,,,,,,,,,,,,,,,,,,
221012-Exp-1-A1-2-275,221012,221012-Exp-1-A1-2,275,13,15,0,0,false,false,false,61.56,53.36,65.67,57.46,0,,,,,,,,,,,,,,,,,,
221012-Exp-1-A1-2-276,221012,221012-Exp-1-A1-2,276,13,16,0,0,false,false,false,65.67,53.36,69.77,57.46,0,,,,,,,,,,,,,,,,,,
221012-Exp-1-A1-2-277,221012,221012-Exp-1-A1-2,277,13,17,0,0,false,false,false,69.77,53.36,73.88,57.46,0,,,,,,,,,,,,,,,,,,
221012-Exp-1-A1-2-278,221012,221012-Exp-1-A1-2,278,13,18,0,0,false,false,false,73.88,53.36,77.98,57.46,0,,,,,,,,,,,,,,,,,,
221012-Exp-1-A1-2-279,221012,221012-Exp-1-A1-2,279,13,19,0,0,false,false,false,77.98,53.36,82.09,57.46,0,,,,,,,,,,,,,,,,,,
221012-Exp-1-A1-2-280,221012,221012-Exp-1-A1-2,280,14,0,133,0,true,false,false,0,57.46,4.1,61.56,75,2.37,0.045,431.25,26.55,208,0.904,0.19,0.13,0.2,1.1,17,4.5,16,3.2,6.4,18.7,111.6,0.3
221012-Exp-1-A1-2-281,221012,221012-Exp-1-A1-2,281,14,1,0,0,false,false,false,4.1,57.46,8.21,61.56,9,4.19,0.005,51.75,3.19,,,0.19,0.13,0.2,0.7,1.9,6.4,11.6,3.2,7.2,2.6,5.9,0.3
221012-Exp-1-A1-2-282,221012,221012-Exp-1-A1-2,282,14,2,0,0,false,false,false,8.21,57.46,12.31,61.56,3,7.39,0.002,17.25,1.06,,,0.13,0.13,0.2,0.2,0.6,4.5,7.2,3.6,4.5,0.5,0.8,0.2
221012-Exp-1-A1-2-283,221012,221012-Exp-1-A1-2,283,14,3,0,0,false,false,false,12.31,57.46,16.42,61.56,10,8.06,0.006,57.5,3.54,,,0.26,0.21,0.2,0.6,2.3,7.2,11.6,3.2,7.2,6.8,16.6,0.6
221012-Exp-1-A1-2-284,221012,221012-Exp-1-A1-2,284,14,4,0,0,false,false,false,16.42,57.46,20.52,61.56,3,5.69,0.002,17.25,1.06,,,0.7,0.31,0.3,2.5,3.1,13.2,13.6,3.2,3.2,1.8,3.8,1.7
221012-Exp-1-A1-2-285,221012,221012-Exp-1-A1-2,285,14,5,0,0,false,false,false,20.52,57.46,24.63,61.56,0,,,,,,,,,,,,,,,,,,
221012-Exp-1-A1-2-286,221012,221012-Exp-1-A1-2,286,14,6,0,0,false,false,false,24.63,57.46,28.73,61.56,7,8.63,0.004,40.25,2.48,,,0.39,0.39,0.2,0.4,1.4,7.2,11.6,3.2,7.2,0.5,1.6,0.2
221012-Exp-1-A1-2-287,221012,221012-Exp-1-A1-2,287,14,7,0,0,false,false,false,28.73,57.46,32.83,61.56,10,6.4,0.006,57.5,3.54,,,0.22,0.19,0.2,0.5,2.4,6.4,10.1,3.2,7.2,5.9,9.9,0.4
221012-Exp-1-A1-2-288,221012,221012-Exp-1-A1-2,288,14,8,0,0,false,false,false,32.83,57.46,36.94,61.56,1,9.95,0.001,5.75,0.35,,,0.06,0.06,0.2,0.2,0.2,3.2,3.2,3.2,3.2,0.1,0.1,0.1
221012-Exp-1-A1-2-289,221012,221012-Exp-1-A1-2,289,14,9,0,0,false,false,false,36.94,57.46,41.04,61.56,2,9.95,0.001,11.5,0.71,,,0.57,0.29,0.3,0.4,0.7,6.8,7.2,3.7,6.4,0.3,0.4,0.2
221012-Exp-1-A1-2-290,221012,221012-Exp-1-A1-2,290,14,10,134,0,true,false,false,41.04,57.46,45.15,61.56,46,9.3,0.027,264.5,16.28,233,0.608,0.19,0.17,0.2,0.6,8.7,4.5,16,3.2,9.6,27,53.5,0.3
221012-Exp-1-A1-2-291,221012,221012-Exp-1-A1-2,291,14,11,0,0,false,false,false,45.15,57.46,49.25,61.56,0,,,,,,,,,,,,,,,,,,
221012-Exp-1-A1-2-292,221012,221012-Exp-1-A1-2,292,14,12,0,0,false,false,false,49.25,57.46,53.36,61.56,0,,,,,,,,,,,,,,,,,,
221012-Exp-1-A1-2-293,221012,221012-Exp-1-A1-2,293,14,13,0,0,false,false,false,53.36,57.46,57.46,61.56,0,,,,,,,,,,,,,,,,,,
221012-Exp-1-A1-2-294,221012,221012-Exp-1-A1-2,294,14,14,0,0,false,false,false,57.46,57.46,61.56,61.56,0,,,,,,,,,,,,,,,,,,
221012-Exp-1-A1-2-295,221012,221012-Exp-1-A1-2,295,14,15,0,0,false,false,false,61.56,57.46,65.67,61.56,0,,,,,,,,,,,,,,,,,,
221012-Exp-1-A1-2-296,221012,221012-Exp-1-A1-2,296,14,16,0,0,false,false,false,65.67,57.46,69.77,61.56,0,,,,,,,,,,,,,,,,,,
221012-Exp-1-A1-2-297,221012,221012-Exp-1-A1-2,297,14,17,0,0,false,false,false,69.77,57.46,73.88,61.56,0,,,,,,,,,,,,,,,,,,
221012-Exp-1-A1-2-298,221012,221012-Exp-1-A1-2,298,14,18,0,0,false,false,false,73.88,57.46,77.98,61.56,0,,,,,,,,,,,,,,,,,,
221012-Exp-1-A1-2-299,221012,221012-Exp-1-A1-2,299,14,19,0,0,false,false,false,77.98,57.46,82.09,61.56,0,,,,,,,,,,,,,,,,,,
221012-Exp-1-A1-2-300,221012,221012-Exp-1-A1-2,300,15,0,135,0,true,false,false,0,61.56,4.1,65.67,23,3.93,0.014,132.25,8.14,64,0.888,0.19,0.24,0.2,0.6,5.3,5.1,10.1,3.2,9.1,0.6,4.5,0.2
221012-Exp-1-A1-2-301,221012,221012-Exp-1-A1-2,301,15,1,0,0,false,false,false,4.1,61.56,8.21,65.67,0,,,,,,,,,,,,,,,,,,
221012-Exp-1-A1-2-302,221012,221012-Exp-1-A1-2,302,15,2,0,0,false,false,false,8.21,61.56,12.31,65.67,1,9.95,0.001,5.75,0.35,,,0.39,0.26,0.3,0.3,0.3,4.5,4.5,4.5,4.5,0.1,0.1,0.1
221012-Exp-1-A1-2-303,221012,221012-Exp-1-A1-2,303,15,3,0,0,false,false,false,12.31,61.56,16.42,65.67,3,5.69,0.002,17.25,1.06,,,0.6,0.39,0.4,0.7,1.3,7.2,9.1,4.5,7.2,19.9,20.3,0.3
221012-Exp-1-A1-2-304,221012,221012-Exp-1-A1-2,304,15,4,136,0,true,false,false,16.42,61.56,20.52,65.67,40,4.11,0.024,230,14.16,92,0.76,0.18,0.18,0.2,0.5,7,7.2,11.6,3.2,10.1,27.4,89.8,0.8
221012-Exp-1-A1-2-305,221012,221012-Exp-1-A1-2,305,15,5,0,0,false,false,false,20.52,61.56,24.63,65.67,13,5.92,0.008,74.75,4.6,,,0.19,0.13,0.2,0.6,2.8,6.4,9.1,3.2,7.2,30.1,73.9,0.8
221012-Exp-1-A1-2-306,221012,221012-Exp-1-A1-2,306,15,6,0,0,false,false,false,24.63,61.56,28.73,65.67,2,7,0.001,11.5,0.71,,,0.1,0.1,0.2,0.2,0.4,3.9,4.5,3.9,4.5,0.1,0.2,0.1
221012-Exp-1-A1-2-307,221012,221012-Exp-1-A1-2,307,15,7,0,0,false,false,false,28.73,61.56,32.83,65.67,24,4.64,0.014,138,8.5,,,0.16,0.14,0.2,1.3,6.3,4.5,11.6,3.2,7.2,5.1,28.3,0.5
221012-Exp-1-A1-2-308,221012,221012-Exp-1-A1-2,308,15,8,0,0,false,false,false,32.83,61.56,36.94,65.67,0,,,,,,,,,,,,,,,,,,
221012-Exp-1-A1-2-309,221012,221012-Exp-1-A1-2,309,15,9,0,0,false,false,false,36.94,61.56,41.04,65.67,0,,,,,,,,,,,,,,,,,,
221012-Exp-1-A1-2-310,221012,221012-Exp-1-A1-2,310,15,10,0,0,false,false,false,41.04,61.56,45.15,65.67,8,6.04,0.005,46,2.83,,,0.26,0.26,0.2,0.4,1.8,7.2,10.1,3.9,7.2,48.6,52.8,0.3
221012-Exp-1-A1-2-311,221012,221012-Exp-1-A1-2,311,15,11,0,0,false,false,false,45.15,61.56,49.25,65.67,0,,,,,,,,,,,,,,,,,,
221012-Exp-1-A1-2-312,221012,221012-Exp-1-A1-2,312,15,12,0,0,false,false,false,49.25,61.56,53.36,65.67,0,,,,,,,,,,,,,,,,,,
221012-Exp-1-A1-2-313,221012,221012-Exp-1-A1-2,313,15,13,0,0,false,false,false,53.36,61.56,57.46,65.67,0,,,,,,,,,,,,,,,,,,
221012-Exp-1-A1-2-314,221012,221012-Exp-1-A1-2,314,15,14,0,0,false,false,false,57.46,61.56,61.56,65.67,3,7.39,0.002,17.25,1.06,,,0.62,0.56,0.5,0.5,1.2,9.1,9.6,4.5,9.6,0.7,1.2,0.4
221012-Exp-1-A1-2-315,221012,221012-Exp-1-A1-2,315,15,15,0,0,false,false,false,61.56,61.56,65.67,65.67,0,,,,,,,,,,,,,,,,,,
221012-Exp-1-A1-2-316,221012,221012-Exp-1-A1-2,316,15,16,0,0,false,false,false,65.67,61.56,69.77,65.67,2,7,0.001,11.5,0.71,,,0.22,0.35,0.2,0.3,0.5,6.8,7.2,5.5,6.4,0.3,0.4,0.2
221012-Exp-1-A1-2-317,221012,221012-Exp-1-A1-2,317,15,17,0,0,false,false,false,69.77,61.56,73.88,65.67,0,,,,,,,,,,,,,,,,,,
221012-Exp-1-A1-2-318,221012,221012-Exp-1-A1-2,318,15,18,0,0,false,false,false,73.88,61.56,77.98,65.67,0,,,,,,,,,,,,,,,,,,
221012-Exp-1-A1-2-319,221012,221012-Exp-1-A1-2,319,15,19,0,0,false,false,false,77.98,61.56,82.09,65.67,0,,,,,,,,,,,,,,,,,,
221012-Exp-1-A1-2-320,221012,221012-Exp-1-A1-2,320,16,0,137,0,true,false,false,0,65.67,4.1,69.77,27,4.68,0.016,155.25,9.56,49,0.794,0.21,0.22,0.2,1.1,6,6.4,11.6,4.5,7.2,0.9,5.7,0.2
221012-Exp-1-A1-2-321,221012,221012-Exp-1-A1-2,321,16,1,138,0,true,false,false,4.1,65.67,8.21,69.77,94,4.83,0.056,540.5,33.27,98,0.92,0.16,0.18,0.2,0.5,15.7,4.5,10.1,3.2,7.2,4.9,39.3,0.2
221012-Exp-1-A1-2-322,221012,221012-Exp-1-A1-2,322,16,2,139,0,true,false,false,8.21,65.67,12.31,69.77,32,4.35,0.019,184,11.33,14,0.973,0.37,0.32,0.3,1,9.7,6.4,13.2,5.5,11.6,3.4,9.5,0.1
221012-Exp-1-A1-2-323,221012,221012-Exp-1-A1-2,323,16,3,0,0,false,false,false,12.31,65.67,16.42,69.77,9,7.87,0.005,51.75,3.19,,,0.28,0.42,0.2,0.5,2,9.1,10.1,4.5,9.1,0.6,2.1,0.2
221012-Exp-1-A1-2-324,221012,221012-Exp-1-A1-2,324,16,4,0,0,false,false,false,16.42,65.67,20.52,69.77,1,9.95,0.001,5.75,0.35,,,0,0,0,0,0,0,0,0,0,0.1,0.1,0.1
221012-Exp-1-A1-2-325,221012,221012-Exp-1-A1-2,325,16,5,0,0,false,false,false,20.52,65.67,24.63,69.77,0,,,,,,,,,,,,,,,,,,
221012-Exp-1-A1-2-326,221012,221012-Exp-1-A1-2,326,16,6,0,0,false,false,false,24.63,65.67,28.73,69.77,0,,,,,,,,,,,,,,,,,,
221012-Exp-1-A1-2-327,221012,221012-Exp-1-A1-2,327,16,7,0,0,false,false,false,28.73,65.67,32.83,69.77,5,6.56,0.003,28.75,1.77,,,0.07,0.11,0.2,0.2,0.6,3.2,7.2,3.2,3.2,3.5,5,0.6
221012-Exp-1-A1-2-328,221012,221012-Exp-1-A1-2,328,16,8,0,0,false,false,false,32.83,65.67,36.94,69.77,0,,,,,,,,,,,,,,,,,,
221012-Exp-1-A1-2-329,221012,221012-Exp-1-A1-2,329,16,9,0,0,false,false,false,36.94,65.67,41.04,69.77,0,,,,,,,,,,,,,,,,,,
221012-Exp-1-A1-2-330,221012,221012-Exp-1-A1-2,330,16,10,0,0,false,false,false,41.04,65.67,45.15,69.77,2,9.95,0.001,11.5,0.71,,,0.13,0.08,0.2,0.2,0.4,3.2,3.2,3.2,3.2,0.2,0.3,0.1
221012-Exp-1-A1-2-331,221012,221012-Exp-1-A1-2,331,16,11,0,0,false,false,false,45.15,65.67,49.25,69.77,0,,,,,,,,,,,,,,,,,,
221012-Exp-1-A1-2-332,221012,221012-Exp-1-A1-2,332,16,12,0,0,false,false,false,49.25,65.67,53.36,69.77,0,,,,,,,,,,,,,,,,,,
221012-Exp-1-A1-2-333,221012,221012-Exp-1-A1-2,333,16,13,0,0,false,false,false,53.36,65.67,57.46,69.77,0,,,,,,,,,,,,,,,,,,
221012-Exp-1-A1-2-334,221012,221012-Exp-1-A1-2,334,16,14,0,0,false,false,false,57.46,65.67,61.56,69.77,0,,,,,,,,,,,,,,,,,,
221012-Exp-1-A1-2-335,221012,221012-Exp-1-A1-2,335,16,15,0,0,false,false,false,61.56,65.67,65.67,69.77,0,,,,,,,,,,,,,,,,,,
221012-Exp-1-A1-2-336,221012,221012-Exp-1-A1-2,336,16,16,0,0,false,false,false,65.67,65.67,69.77,69.77,0,,,,,,,,,,,,,,,,,,
221012-Exp-1-A1-2-337,221012,221012-Exp-1-A1-2,337,16,17,0,0,false,false,false,69.77,65.67,73.88,69.77,0,,,,,,,,,,,,,,,,,,
221012-Exp-1-A1-2-338,221012,221012-Exp-1-A1-2,338,16,18,0,0,false,false,false,73.88,65.67,77.98,69.77,0,,,,,,,,,,,,,,,,,,
221012-Exp-1-A1-2-339,221012,221012-Exp-1-A1-2,339,16,19,0,0,false,false,false,77.98,65.67,82.09,69.77,0,,,,,,,,,,,,,,,,,,
221012-Exp-1-A1-2-340,221012,221012-Exp-1-A1-2,340,17,0,0,0,false,false,false,0,69.77,4.1,73.88,6,5.69,0.004,34.5,2.12,,,0.12,0.19,0,0.5,0.7,7.2,10.1,3.2,4.5,3.5,5.8,0.4
221012-Exp-1-A1-2-341,221012,221012-Exp-1-A1-2,341,17,1,0,0,false,false,false,4.1,69.77,8.21,73.88,7,9.95,0.004,40.25,2.48,,,0.13,0.13,0.2,0.4,1.2,3.2,7.2,3.2,3.2,0.8,1.8,0.1
221012-Exp-1-A1-2-342,221012,221012-Exp-1-A1-2,342,17,2,0,0,false,false,false,8.21,69.77,12.31,73.88,9,4.47,0.005,51.75,3.19,,,0.24,0.19,0.3,0.5,2.5,4.5,11.6,4.5,9.6,1.2,3.3,0.2
221012-Exp-1-A1-2-343,221012,221012-Exp-1-A1-2,343,17,3,0,0,false,false,false,12.31,69.77,16.42,73.88,0,,,,,,,,,,,,,,,,,,
221012-Exp-1-A1-2-344,221012,221012-Exp-1-A1-2,344,17,4,0,0,false,false,false,16.42,69.77,20.52,73.88,2,7,0.001,11.5,0.71,,,0.29,0.22,0.2,0.2,0.3,5.5,6.4,3.9,4.5,0.3,0.5,0.3
221012-Exp-1-A1-2-345,221012,221012-Exp-1-A1-2,345,17,5,0,0,false,false,false,20.52,69.77,24.63,73.88,2,7,0.001,11.5,0.71,,,0.4,0.39,0.3,0.4,0.6,7.3,10.1,4.5,4.5,0.4,0.5,0.3
221012-Exp-1-A1-2-346,221012,221012-Exp-1-A1-2,346,17,6,0,0,false,false,false,24.63,69.77,28.73,73.88,4,6.04,0.002,23,1.42,,,0.19,0.1,0.2,0.2,0.6,3.9,7.2,3.2,4.5,17.4,18.1,0.3
221012-Exp-1-A1-2-347,221012,221012-Exp-1-A1-2,347,17,7,140,0,true,false,false,28.73,69.77,32.83,73.88,41,3.26,0.024,235.75,14.51,333,0.773,0.18,0.17,0.2,0.5,7.1,4.5,10.1,3.2,10.1,5.8,34.8,0.3
221012-Exp-1-A1-2-348,221012,221012-Exp-1-A1-2,348,17,8,0,0,false,false,false,32.83,69.77,36.94,73.88,0,,,,,,,,,,,,,,,,,,
221012-Exp-1-A1-2-349,221012,221012-Exp-1-A1-2,349,17,9,0,0,false,false,false,36.94,69.77,41.04,73.88,0,,,,,,,,,,,,,,,,,,
221012-Exp-1-A1-2-350,221012,221012-Exp-1-A1-2,350,17,10,0,0,false,false,false,41.04,69.77,45.15,73.88,0,,,,,,,,,,,,,,,,,,
221012-Exp-1-A1-2-351,221012,221012-Exp-1-A1-2,351,17,11,0,0,false,false,false,45.15,69.77,49.25,73.88,0,,,,,,,,,,,,,,,,,,
221012-Exp-1-A1-2-352,221012,221012-Exp-1-A1-2,352,17,12,0,0,false,false,false,49.25,69.77,53.36,73.88,0,,,,,,,,,,,,,,,,,,
221012-Exp-1-A1-2-353,221012,221012-Exp-1-A1-2,353,17,13,0,0,false,false,false,53.36,69.77,57.46,73.88,0,,,,,,,,,,,,,,,,,,
221012-Exp-1-A1-2-354,221012,221012-Exp-1-A1-2,354,17,14,0,0,false,false,false,57.46,69.77,61.56,73.88,0,,,,,,,,,,,,,,,,,,
221012-Exp-1-A1-2-355,221012,221012-Exp-1-A1-2,355,17,15,0,0,false,false,false,61.56,69.77,65.67,73.88,0,,,,,,,,,,,,,,,,,,
221012-Exp-1-A1-2-356,221012,221012-Exp-1-A1-2,356,17,16,0,0,false,false,false,65.67,69.77,69.77,73.88,0,,,,,,,,,,,,,,,,,,
221012-Exp-1-A1-2-357,221012,221012-Exp-1-A1-2,357,17,17,0,0,false,false,false,69.77,69.77,73.88,73.88,0,,,,,,,,,,,,,,,,,,
221012-Exp-1-A1-2-358,221012,221012-Exp-1-A1-2,358,17,18,0,0,false,false,false,73.88,69.77,77.98,73.88,0,,,,,,,,,,,,,,,,,,
221012-Exp-1-A1-2-359,221012,221012-Exp-1-A1-2,359,17,19,0,0,false,false,false,77.98,69.77,82.09,73.88,0,,,,,,,,,,,,,,,,,,
221012-Exp-1-A1-2-360,221012,221012-Exp-1-A1-2,360,18,0,0,0,false,false,false,0,73.88,4.1,77.98,24,3.73,0.014,138,8.5,,,0.2,0.2,0.2,0.5,5.4,6.8,9.6,3.2,7.2,2.1,11.6,0.3
221012-Exp-1-A1-2-361,221012,221012-Exp-1-A1-2,361,18,1,141,0,true,false,false,4.1,73.88,8.21,77.98,21,4.48,0.012,120.75,7.43,20,0.953,0.21,0.22,0.2,0.4,4.4,6.4,11.6,3.2,9.1,7.3,13.2,0.2
221012-Exp-1-A1-2-362,221012,221012-Exp-1-A1-2,362,18,2,0,0,false,false,false,8.21,73.88,12.31,77.98,2,7,0.001,11.5,0.71,,,1.16,0.22,0.5,0.9,1.1,5.2,7.2,3.9,4.5,1.1,1.5,0.7
221012-Exp-1-A1-2-363,221012,221012-Exp-1-A1-2,363,18,3,0,0,false,false,false,12.31,73.88,16.42,77.98,0,,,,,,,,,,,,,,,,,,
221012-Exp-1-A1-2-364,221012,221012-Exp-1-A1-2,364,18,4,142,0,true,false,false,16.42,73.88,20.52,77.98,36,3.01,0.021,207,12.74,29,0.696,0.17,0.2,0.2,0.8,8.4,5.5,12.8,3.2,7.2,7,23.4,0.3
221012-Exp-1-A1-2-365,221012,221012-Exp-1-A1-2,365,18,5,0,0,false,false,false,20.52,73.88,24.63,77.98,2,9.95,0.001,11.5,0.71,,,0.19,0.18,0.2,0.3,0.3,4.8,6.4,3.9,4.5,0.8,1,0.5
221012-Exp-1-A1-2-366,221012,221012-Exp-1-A1-2,366,18,6,0,0,false,false,false,24.63,73.88,28.73,77.98,1,9.95,0.001,5.75,0.35,,,0.2,0.16,0,0,0,6.4,6.4,3.2,3.2,0.6,0.6,0.6
221012-Exp-1-A1-2-367,221012,221012-Exp-1-A1-2,367,18,7,0,0,false,false,false,28.73,73.88,32.83,77.98,0,,,,,,,,,,,,,,,,,,
221012-Exp-1-A1-2-368,221012,221012-Exp-1-A1-2,368,18,8,0,0,false,false,false,32.83,73.88,36.94,77.98,0,,,,,,,,,,,,,,,,,,
221012-Exp-1-A1-2-369,221012,221012-Exp-1-A1-2,369,18,9,0,0,false,false,false,36.94,73.88,41.04,77.98,0,,,,,,,,,,,,,,,,,,
221012-Exp-1-A1-2-370,221012,221012-Exp-1-A1-2,370,18,10,0,0,false,false,false,41.04,73.88,45.15,77.98,0,,,,,,,,,,,,,,,,,,
221012-Exp-1-A1-2-371,221012,221012-Exp-1-A1-2,371,18,11,0,0,false,false,false,45.15,73.88,49.25,77.98,0,,,,,,,,,,,,,,,,,,
221012-Exp-1-A1-2-372,221012,221012-Exp-1-A1-2,372,18,12,0,0,false,false,false,49.25,73.88,53.36,77.98,0,,,,,,,,,,,,,,,,,,
221012-Exp-1-A1-2-373,221012,221012-Exp-1-A1-2,373,18,13,0,0,false,false,false,53.36,73.88,57.46,77.98,0,,,,,,,,,,,,,,,,,,
221012-Exp-1-A1-2-374,221012,221012-Exp-1-A1-2,374,18,14,0,0,false,false,false,57.46,73.88,61.56,77.98,0,,,,,,,,,,,,,,,,,,
221012-Exp-1-A1-2-375,221012,221012-Exp-1-A1-2,375,18,15,0,0,false,false,false,61.56,73.88,65.67,77.98,0,,,,,,,,,,,,,,,,,,
221012-Exp-1-A1-2-376,221012,221012-Exp-1-A1-2,376,18,16,0,0,false,false,false,65.67,73.88,69.77,77.98,0,,,,,,,,,,,,,,,,,,
221012-Exp-1-A1-2-377,221012,221012-Exp-1-A1-2,377,18,17,0,0,false,false,false,69.77,73.88,73.88,77.98,0,,,,,,,,,,,,,,,,,,
221012-Exp-1-A1-2-378,221012,221012-Exp-1-A1-2,378,18,18,0,0,false,false,false,73.88,73.88,77.98,77.98,0,,,,,,,,,,,,,,,,,,
221012-Exp-1-A1-2-379,221012,221012-Exp-1-A1-2,379,18,19,0,0,false,false,false,77.98,73.88,82.09,77.98,0,,,,,,,,,,,,,,,,,,
221012-Exp-1-A1-2-380,221012,221012-Exp-1-A1-2,380,19,0,0,0,false,false,false,0,77.98,4.1,82.09,6,6.16,0.004,34.5,2.12,,,0.21,0.21,0.2,0.5,1,3.9,10.1,3.2,7.2,0.3,1,0.1
221012-Exp-1-A1-2-381,221012,221012-Exp-1-A1-2,381,19,1,0,0,false,false,false,4.1,77.98,8.21,82.09,28,3.43,0.017,161,9.91,,,0.25,0.2,0.2,0.9,7.2,6.4,11.6,3.2,6.4,5.8,21.2,0.4
221012-Exp-1-A1-2-382,221012,221012-Exp-1-A1-2,382,19,2,0,0,false,false,false,8.21,77.98,12.31,82.09,4,6.04,0.002,23,1.42,,,0.14,0.14,0.2,0.2,0.6,3.9,7.2,2.4,7.2,0.5,1.1,0.3
221012-Exp-1-A1-2-383,221012,221012-Exp-1-A1-2,383,19,3,0,0,false,false,false,12.31,77.98,16.42,82.09,0,,,,,,,,,,,,,,,,,,
221012-Exp-1-A1-2-384,221012,221012-Exp-1-A1-2,384,19,4,0,0,false,false,false,16.42,77.98,20.52,82.09,0,,,,,,,,,,,,,,,,,,
221012-Exp-1-A1-2-385,221012,221012-Exp-1-A1-2,385,19,5,0,0,false,false,false,20.52,77.98,24.63,82.09,5,5.92,0.003,28.75,1.77,,,0.32,0.29,0.2,0.7,1.1,7.2,9.6,4.5,6.4,2.7,3.3,0.2
221012-Exp-1-A1-2-386,221012,221012-Exp-1-A1-2,386,19,6,0,0,false,false,false,24.63,77.98,28.73,82.09,6,8.44,0.004,34.5,2.12,,,0.2,0.33,0.2,0.6,1.2,7.2,11.6,3.9,11.6,1.3,2.2,0.1
221012-Exp-1-A1-2-387,221012,221012-Exp-1-A1-2,387,19,7,0,0,false,false,false,28.73,77.98,32.83,82.09,0,,,,,,,,,,,,,,,,,,
221012-Exp-1-A1-2-388,221012,221012-Exp-1-A1-2,388,19,8,0,0,false,false,false,32.83,77.98,36.94,82.09,0,,,,,,,,,,,,,,,,,,
221012-Exp-1-A1-2-389,221012,221012-Exp-1-A1-2,389,19,9,0,0,false,false,false,36.94,77.98,41.04,82.09,0,,,,,,,,,,,,,,,,,,
221012-Exp-1-A1-2-390,221012,221012-Exp-1-A1-2,390,19,10,0,0,false,false,false,41.04,77.98,45.15,82.09,0,,,,,,,,,,,,,,,,,,
221012-Exp-1-A1-2-391,221012,221012-Exp-1-A1-2,391,19,11,0,0,false,false,false,45.15,77.98,49.25,82.09,0,,,,,,,,,,,,,,,,,,
221012-Exp-1-A1-2-392,221012,221012-Exp-1-A1-2,392,19,12,0,0,false,false,false,49.25,77.98,53.36,82.09,0,,,,,,,,,,,,,,,,,,
221012-Exp-1-A1-2-393,221012,221012-Exp-1-A1-2,393,19,13,0,0,false,false,false,53.36,77.98,57.46,82.09,0,,,,,,,,,,,,,,,,,,
221012-Exp-1-A1-2-394,221012,221012-Exp-1-A1-2,394,19,14,0,0,false,false,false,57.46,77.98,61.56,82.09,0,,,,,,,,,,,,,,,,,,
221012-Exp-1-A1-2-395,221012,221012-Exp-1-A1-2,395,19,15,0,0,false,false,false,61.56,77.98,65.67,82.09,0,,,,,,,,,,,,,,,,,,
221012-Exp-1-A1-2-396,221012,221012-Exp-1-A1-2,396,19,16,0,0,false,false,false,65.67,77.98,69.77,82.09,0,,,,,,,,,,,,,,,,,,
221012-Exp-1-A1-2-397,221012,221012-Exp-1-A1-2,397,19,17,0,0,false,false,false,69.77,77.98,73.88,82.09,0,,,,,,,,,,,,,,,,,,
221012-Exp-1-A1-2-398,221012,221012-Exp-1-A1-2,398,19,18,0,0,false,false,false,73.88,77.98,77.98,82.09,0,,,,,,,,,,,,,,,,,,
221012-Exp-1-A1-2-399,221012,221012-Exp-1-A1-2,399,19,19,0,0,false,false,false,77.98,77.98,82.09,82.09,0,,,,,,,,,,,,,,,,,,
221012-Exp-1-A1-3-0,221012,221012-Exp-1-A1-3,0,0,0,0,0,false,false,false,0,0,4.1,4.1,0,,,,,,,,,,,,,,,,,,
221012-Exp-1-A1-3-1,221012,221012-Exp-1-A1-3,1,0,1,0,0,false,false,false,4.1,0,8.21,4.1,0,,,,,,,,,,,,,,,,,,
221012-Exp-1-A1-3-2,221012,221012-Exp-1-A1-3,2,0,2,0,0,false,false,false,8.21,0,12.31,4.1,0,,,,,,,,,,,,,,,,,,
221012-Exp-1-A1-3-3,221012,221012-Exp-1-A1-3,3,0,3,0,0,false,false,false,12.31,0,16.42,4.1,0,,,,,,,,,,,,,,,,,,
221012-Exp-1-A1-3-4,221012,221012-Exp-1-A1-3,4,0,4,0,0,false,false,false,16.42,0,20.52,4.1,0,,,,,,,,,,,,,,,,,,
221012-Exp-1-A1-3-5,221012,221012-Exp-1-A1-3,5,0,5,0,0,false,false,false,20.52,0,24.63,4.1,0,,,,,,,,,,,,,,,,,,
221012-Exp-1-A1-3-6,221012,221012-Exp-1-A1-3,6,0,6,0,0,false,false,false,24.63,0,28.73,4.1,0,,,,,,,,,,,,,,,,,,
221012-Exp-1-A1-3-7,221012,221012-Exp-1-A1-3,7,0,7,0,0,false,false,false,28.73,0,32.83,4.1,0,,,,,,,,,,,,,,,,,,
221012-Exp-1-A1-3-8,221012,221012-Exp-1-A1-3,8,0,8,0,0,false,false,false,32.83,0,36.94,4.1,0,,,,,,,,,,,,,,,,,,
221012-Exp-1-A1-3-9,221012,221012-Exp-1-A1-3,9,0,9,0,0,false,false,false,36.94,0,41.04,4.1,0,,,,,,,,,,,,,,,,,,
221012-Exp-1-A1-3-10,221012,221012-Exp-1-A1-3,10,0,10,0,0,false,false,false,41.04,0,45.15,4.1,0,,,,,,,,,,,,,,,,,,
221012-Exp-1-A1-3-11,221012,221012-Exp-1-A1-3,11,0,11,0,0,false,false,false,45.15,0,49.25,4.1,0,,,,,,,,,,,,,,,,,,
221012-Exp-1-A1-3-12,221012,221012-Exp-1-A1-3,12,0,12,0,0,false,false,false,49.25,0,53.36,4.1,0,,,,,,,,,,,,,,,,,,
221012-Exp-1-A1-3-13,221012,221012-Exp-1-A1-3,13,0,13,0,0,false,false,false,53.36,0,57.46,4.1,0,,,,,,,,,,,,,,,,,,
221012-Exp-1-A1-3-14,221012,221012-Exp-1-A1-3,14,0,14,0,0,false,false,false,57.46,0,61.56,4.1,0,,,,,,,,,,,,,,,,,,
221012-Exp-1-A1-3-15,221012,221012-Exp-1-A1-3,15,0,15,0,0,false,false,false,61.56,0,65.67,4.1,0,,,,,,,,,,,,,,,,,,
221012-Exp-1-A1-3-16,221012,221012-Exp-1-A1-3,16,0,16,0,0,false,false,false,65.67,0,69.77,4.1,0,,,,,,,,,,,,,,,,,,
221012-Exp-1-A1-3-17,221012,221012-Exp-1-A1-3,17,0,17,0,0,false,false,false,69.77,0,73.88,4.1,0,,,,,,,,,,,,,,,,,,
221012-Exp-1-A1-3-18,221012,221012-Exp-1-A1-3,18,0,18,0,0,false,false,false,73.88,0,77.98,4.1,0,,,,,,,,,,,,,,,,,,
221012-Exp-1-A1-3-19,221012,221012-Exp-1-A1-3,19,0,19,0,0,false,false,false,77.98,0,82.09,4.1,0,,,,,,,,,,,,,,,,,,
221012-Exp-1-A1-3-20,221012,221012-Exp-1-A1-3,20,1,0,0,0,false,false,false,0,4.1,4.1,8.21,12,5.44,0.007,190,2.94,,,0.27,0.35,0.2,0.5,2,5.5,11.6,3.9,9.6,0.4,1.9,0.1
221012-Exp-1-A1-3-21,221012,221012-Exp-1-A1-3,21,1,1,0,0,false,false,false,4.1,4.1,8.21,8.21,0,,,,,,,,,,,,,,,,,,
221012-Exp-1-A1-3-22,221012,221012-Exp-1-A1-3,22,1,2,0,0,false,false,false,8.21,4.1,12.31,8.21,0,,,,,,,,,,,,,,,,,,
221012-Exp-1-A1-3-23,221012,221012-Exp-1-A1-3,23,1,3,0,0,false,false,false,12.31,4.1,16.42,8.21,0,,,,,,,,,,,,,,,,,,
221012-Exp-1-A1-3-24,221012,221012-Exp-1-A1-3,24,1,4,0,0,false,false,false,16.42,4.1,20.52,8.21,0,,,,,,,,,,,,,,,,,,
221012-Exp-1-A1-3-25,221012,221012-Exp-1-A1-3,25,1,5,0,0,false,false,false,20.52,4.1,24.63,8.21,0,,,,,,,,,,,,,,,,,,
221012-Exp-1-A1-3-26,221012,221012-Exp-1-A1-3,26,1,6,0,0,false,false,false,24.63,4.1,28.73,8.21,0,,,,,,,,,,,,,,,,,,
221012-Exp-1-A1-3-27,221012,221012-Exp-1-A1-3,27,1,7,0,0,false,false,false,28.73,4.1,32.83,8.21,0,,,,,,,,,,,,,,,,,,
221012-Exp-1-A1-3-28,221012,221012-Exp-1-A1-3,28,1,8,0,0,false,false,false,32.83,4.1,36.94,8.21,0,,,,,,,,,,,,,,,,,,
221012-Exp-1-A1-3-29,221012,221012-Exp-1-A1-3,29,1,9,0,0,false,false,false,36.94,4.1,41.04,8.21,0,,,,,,,,,,,,,,,,,,
221012-Exp-1-A1-3-30,221012,221012-Exp-1-A1-3,30,1,10,0,0,false,false,false,41.04,4.1,45.15,8.21,0,,,,,,,,,,,,,,,,,,
221012-Exp-1-A1-3-31,221012,221012-Exp-1-A1-3,31,1,11,0,0,false,false,false,45.15,4.1,49.25,8.21,0,,,,,,,,,,,,,,,,,,
221012-Exp-1-A1-3-32,221012,221012-Exp-1-A1-3,32,1,12,0,0,false,false,false,49.25,4.1,53.36,8.21,0,,,,,,,,,,,,,,,,,,
221012-Exp-1-A1-3-33,221012,221012-Exp-1-A1-3,33,1,13,0,0,false,false,false,53.36,4.1,57.46,8.21,1,9.95,0.001,15.83,0.25,,,0.09,0.13,0.2,0.2,0.2,3.2,3.2,3.2,3.2,0.3,0.3,0.3
221012-Exp-1-A1-3-34,221012,221012-Exp-1-A1-3,34,1,14,0,0,false,false,false,57.46,4.1,61.56,8.21,0,,,,,,,,,,,,,,,,,,
221012-Exp-1-A1-3-35,221012,221012-Exp-1-A1-3,35,1,15,0,0,false,false,false,61.56,4.1,65.67,8.21,0,,,,,,,,,,,,,,,,,,
221012-Exp-1-A1-3-36,221012,221012-Exp-1-A1-3,36,1,16,0,0,false,false,false,65.67,4.1,69.77,8.21,0,,,,,,,,,,,,,,,,,,
221012-Exp-1-A1-3-37,221012,221012-Exp-1-A1-3,37,1,17,0,0,false,false,false,69.77,4.1,73.88,8.21,0,,,,,,,,,,,,,,,,,,
221012-Exp-1-A1-3-38,221012,221012-Exp-1-A1-3,38,1,18,0,0,false,false,false,73.88,4.1,77.98,8.21,0,,,,,,,,,,,,,,,,,,
221012-Exp-1-A1-3-39,221012,221012-Exp-1-A1-3,39,1,19,0,0,false,false,false,77.98,4.1,82.09,8.21,0,,,,,,,,,,,,,,,,,,
221012-Exp-1-A1-3-40,221012,221012-Exp-1-A1-3,40,2,0,0,0,true,false,false,0,8.21,4.1,12.31,25,3.77,0.015,395.83,6.13,47,0.947,0.62,0.53,0.3,2.1,11,9.6,12.8,6.4,9.6,0.7,5.5,0.2
221012-Exp-1-A1-3-41,221012,221012-Exp-1-A1-3,41,2,1,0,0,false,false,false,4.1,8.21,8.21,12.31,4,4.9,0.002,63.33,0.98,,,0.2,0.18,0.2,0.2,0.8,5.2,7.2,3.2,7.2,0.4,0.7,0.1
221012-Exp-1-A1-3-42,221012,221012-Exp-1-A1-3,42,2,2,0,0,false,false,false,8.21,8.21,12.31,12.31,0,,,,,,,,,,,,,,,,,,
221012-Exp-1-A1-3-43,221012,221012-Exp-1-A1-3,43,2,3,0,0,false,false,false,12.31,8.21,16.42,12.31,0,,,,,,,,,,,,,,,,,,
221012-Exp-1-A1-3-44,221012,221012-Exp-1-A1-3,44,2,4,0,0,false,false,false,16.42,8.21,20.52,12.31,0,,,,,,,,,,,,,,,,,,
221012-Exp-1-A1-3-45,221012,221012-Exp-1-A1-3,45,2,5,0,0,false,false,false,20.52,8.21,24.63,12.31,0,,,,,,,,,,,,,,,,,,
221012-Exp-1-A1-3-46,221012,221012-Exp-1-A1-3,46,2,6,0,0,false,false,false,24.63,8.21,28.73,12.31,1,9.95,0.001,15.83,0.25,,,0.13,0.26,0,0,0,4.5,4.5,4.5,4.5,0.1,0.1,0.1
221012-Exp-1-A1-3-47,221012,221012-Exp-1-A1-3,47,2,7,1,0,true,false,false,28.73,8.21,32.83,12.31,50,2.86,0.03,791.67,12.27,248,0.758,0.21,0.16,0.2,1.4,16.2,4.5,11.6,3.2,7.2,5.2,39.4,0.4
221012-Exp-1-A1-3-48,221012,221012-Exp-1-A1-3,48,2,8,2,0,true,false,false,32.83,8.21,36.94,12.31,31,3.7,0.018,490.83,7.61,201,0.501,0.19,0.15,0.2,0.8,7.1,4.5,11.6,3.2,7.2,3.3,11.5,0.3
221012-Exp-1-A1-3-49,221012,221012-Exp-1-A1-3,49,2,9,0,0,false,false,false,36.94,8.21,41.04,12.31,0,,,,,,,,,,,,,,,,,,
221012-Exp-1-A1-3-50,221012,221012-Exp-1-A1-3,50,2,10,3,0,true,false,false,41.04,8.21,45.15,12.31,56,3.63,0.033,886.67,13.74,44,0.949,0.13,0.13,0.2,0.9,12.2,4.5,11.6,3.2,7.2,100,140.2,0.3
221012-Exp-1-A1-3-51,221012,221012-Exp-1-A1-3,51,2,11,4,0,true,false,false,45.15,8.21,49.25,12.31,31,2.98,0.018,490.83,7.61,97,0.902,0.19,0.13,0.2,0.6,6.6,4.5,9.1,3.2,7.2,1.6,15.3,0.3
221012-Exp-1-A1-3-52,221012,221012-Exp-1-A1-3,52,2,12,5,0,true,false,false,49.25,8.21,53.36,12.31,71,2.23,0.042,1124.17,17.42,67,0.974,0.22,0.15,0.2,3.6,21.2,4.5,14.3,3.2,7.2,65.5,111.9,0.2
221012-Exp-1-A1-3-53,221012,221012-Exp-1-A1-3,53,2,13,6,0,true,false,false,53.36,8.21,57.46,12.31,107,1.6,0.064,1694.17,26.26,149,0.835,0.35,0.16,0.3,4.3,50.3,6.4,16,3.2,10.1,16,189.2,0.5
221012-Exp-1-A1-3-54,221012,221012-Exp-1-A1-3,54,2,14,7,0,true,false,false,57.46,8.21,61.56,12.31,111,1.61,0.066,1757.5,27.24,397,0.843,0.37,0.16,0.3,3,49.2,7.2,16.3,3.2,11.6,51.9,357.7,0.7
221012-Exp-1-A1-3-55,221012,221012-Exp-1-A1-3,55,2,15,8,0,true,false,false,61.56,8.21,65.67,12.31,99,2.44,0.059,1567.5,24.29,347,0.838,0.28,0.18,0.2,1.5,29.2,6.4,14.3,3.2,11.6,13.3,106,0.5
221012-Exp-1-A1-3-56,221012,221012-Exp-1-A1-3,56,2,16,0,0,false,false,false,65.67,8.21,69.77,12.31,0,,,,,,,,,,,,,,,,,,
221012-Exp-1-A1-3-57,221012,221012-Exp-1-A1-3,57,2,17,0,0,false,false,false,69.77,8.21,73.88,12.31,0,,,,,,,,,,,,,,,,,,
221012-Exp-1-A1-3-58,221012,221012-Exp-1-A1-3,58,2,18,0,0,false,false,false,73.88,8.21,77.98,12.31,0,,,,,,,,,,,,,,,,,,
221012-Exp-1-A1-3-59,221012,221012-Exp-1-A1-3,59,2,19,0,0,false,false,false,77.98,8.21,82.09,12.31,0,,,,,,,,,,,,,,,,,,
221012-Exp-1-A1-3-60,221012,221012-Exp-1-A1-3,60,3,0,9,0,true,false,false,0,12.31,4.1,16.42,41,5.39,0.024,649.17,10.06,292,0.345,0.39,0.26,0.2,1.4,14.8,7.2,16.3,3.2,9.6,29.4,95.2,0.4
221012-Exp-1-A1-3-61,221012,221012-Exp-1-A1-3,61,3,1,0,0,false,false,false,4.1,12.31,8.21,16.42,0,,,,,,,,,,,,,,,,,,
221012-Exp-1-A1-3-62,221012,221012-Exp-1-A1-3,62,3,2,0,0,false,false,false,8.21,12.31,12.31,16.42,3,9.95,0.002,47.5,0.74,,,0.15,0.09,0.2,0.4,0.7,3.2,4.5,1.6,3.2,0.5,1.4,0.5
221012-Exp-1-A1-3-63,221012,221012-Exp-1-A1-3,63,3,3,10,0,true,false,false,12.31,12.31,16.42,16.42,28,3.35,0.017,443.33,6.87,101,0.89,0.34,0.16,0.3,1.3,9.7,4.5,11.6,3.2,9.1,0.8,8.1,0.2
221012-Exp-1-A1-3-64,221012,221012-Exp-1-A1-3,64,3,4,11,0,true,false,false,16.42,12.31,20.52,16.42,22,3.12,0.013,348.33,5.4,21,0.951,0.19,0.17,0.2,2.3,7.1,4.5,7.2,3.2,7.2,1.2,6.8,0.2
221012-Exp-1-A1-3-65,221012,221012-Exp-1-A1-3,65,3,5,12,0,true,false,false,20.52,12.31,24.63,16.42,38,3.99,0.023,601.67,9.33,95,0.822,0.19,0.21,0.2,0.8,10.3,6.4,11.6,3.2,11.6,6.4,28.4,0.3
221012-Exp-1-A1-3-66,221012,221012-Exp-1-A1-3,66,3,6,0,0,false,false,false,24.63,12.31,28.73,16.42,19,3.92,0.011,300.83,4.66,,,0.13,0.13,0.2,1.3,4.6,4.5,10.1,3.2,10.1,1.2,5.2,0.2
221012-Exp-1-A1-3-67,221012,221012-Exp-1-A1-3,67,3,7,0,0,false,false,false,28.73,12.31,32.83,16.42,2,9.95,0.001,31.67,0.49,,,0.39,0.18,0.5,0.8,1,8.7,10.1,3.2,3.2,11.5,13.6,6.8
221012-Exp-1-A1-3-68,221012,221012-Exp-1-A1-3,68,3,8,0,0,false,false,false,32.83,12.31,36.94,16.42,17,4.41,0.01,269.17,4.17,,,0.28,0.14,0.2,2,6.8,4.5,11.6,3.2,4.5,11,23,0.4
221012-Exp-1-A1-3-69,221012,221012-Exp-1-A1-3,69,3,9,13,0,true,false,false,36.94,12.31,41.04,16.42,37,2.28,0.022,585.83,9.08,334,0.612,0.22,0.13,0.2,1.4,10.4,4.5,12.8,3.2,7.2,6.5,28.8,0.5
221012-Exp-1-A1-3-70,221012,221012-Exp-1-A1-3,70,3,10,14,0,true,false,false,41.04,12.31,45.15,16.42,70,2.05,0.042,1108.33,17.18,36,0.911,0.21,0.14,0.2,1,17,4.5,11.6,3.2,11.6,27.6,115.8,0.4
221012-Exp-1-A1-3-71,221012,221012-Exp-1-A1-3,71,3,11,15,0,true,false,false,45.15,12.31,49.25,16.42,39,3.75,0.023,617.5,9.57,327,0.676,0.32,0.19,0.3,1,14.5,7.2,14.3,3.2,10.1,44.9,123.9,0.5
221012-Exp-1-A1-3-72,221012,221012-Exp-1-A1-3,72,3,12,16,0,true,false,false,49.25,12.31,53.36,16.42,71,2.11,0.042,1124.17,17.42,91,0.848,0.22,0.16,0.2,1.4,20.9,6.4,16,3.2,10.1,68.2,157.7,0.3
221012-Exp-1-A1-3-73,221012,221012-Exp-1-A1-3,73,3,13,17,0,true,false,false,53.36,12.31,57.46,16.42,126,1.5,0.075,1995,30.92,304,0.866,0.26,0.14,0.2,3.9,51.3,5.5,17.3,3.2,7.2,99,286.7,0.4
221012-Exp-1-A1-3-74,221012,221012-Exp-1-A1-3,74,3,14,18,0,true,false,false,57.46,12.31,61.56,16.42,214,1.09,0.127,3388.33,52.52,326,0.865,0.26,0.15,0.2,3.1,84.8,4.8,16,3.2,10.1,25.6,322.4,0.5
221012-Exp-1-A1-3-75,221012,221012-Exp-1-A1-3,75,3,15,19,0,true,false,false,61.56,12.31,65.67,16.42,259,1.14,0.154,4100.83,63.56,234,0.874,0.26,0.14,0.2,1.9,83.2,4.8,17.3,3.2,11.6,100,459.7,0.5
221012-Exp-1-A1-3-76,221012,221012-Exp-1-A1-3,76,3,16,0,0,false,false,false,65.67,12.31,69.77,16.42,0,,,,,,,,,,,,,,,,,,
221012-Exp-1-A1-3-77,221012,221012-Exp-1-A1-3,77,3,17,0,0,false,false,false,69.77,12.31,73.88,16.42,0,,,,,,,,,,,,,,,,,,
221012-Exp-1-A1-3-78,221012,221012-Exp-1-A1-3,78,3,18,0,0,false,false,false,73.88,12.31,77.98,16.42,0,,,,,,,,,,,,,,,,,,
221012-Exp-1-A1-3-79,221012,221012-Exp-1-A1-3,79,3,19,0,0,false,false,false,77.98,12.31,82.09,16.42,0,,,,,,,,,,,,,,,,,,
221012-Exp-1-A1-3-80,221012,221012-Exp-1-A1-3,80,4,0,0,0,false,false,false,0,16.42,4.1,20.52,0,,,,,,,,,,,,,,,,,,
221012-Exp-1-A1-3-81,221012,221012-Exp-1-A1-3,81,4,1,0,0,false,false,false,4.1,16.42,8.21,20.52,8,4.57,0.005,126.67,1.96,,,0.57,0.12,0.3,1.4,4.2,6.4,9.6,3.2,6.4,20.3,33.6,1.4
221012-Exp-1-A1-3-82,221012,221012-Exp-1-A1-3,82,4,2,20,0,true,false,false,8.21,16.42,12.31,20.52,85,2.97,0.05,1345.83,20.86,155,0.918,0.29,0.17,0.2,2,28.2,4.5,16.3,3.2,10.1,15.6,91.7,0.3
221012-Exp-1-A1-3-83,221012,221012-Exp-1-A1-3,83,4,3,21,0,true,false,false,12.31,16.42,16.42,20.52,110,1.65,0.065,1741.67,26.99,100,0.862,0.19,0.13,0.2,2.8,36.8,4.5,13.2,3.2,7.2,19,180,0.4
221012-Exp-1-A1-3-84,221012,221012-Exp-1-A1-3,84,4,4,22,0,true,false,false,16.42,16.42,20.52,20.52,47,2.88,0.028,744.17,11.53,126,0.881,0.14,0.13,0.2,3.3,14.4,4.5,11.6,3.2,6.4,12.8,41.1,0.2
221012-Exp-1-A1-3-85,221012,221012-Exp-1-A1-3,85,4,5,23,0,true,false,false,20.52,16.42,24.63,20.52,25,3.73,0.015,395.83,6.13,378,0.533,0.13,0.1,0.2,0.4,3.4,4.5,11.6,3.2,4.5,5.6,22.4,0.3
221012-Exp-1-A1-3-86,221012,221012-Exp-1-A1-3,86,4,6,0,0,false,false,false,24.63,16.42,28.73,20.52,0,,,,,,,,,,,,,,,,,,
221012-Exp-1-A1-3-87,221012,221012-Exp-1-A1-3,87,4,7,24,0,true,false,false,28.73,16.42,32.83,20.52,22,2.77,0.013,348.33,5.4,21,0.905,0.23,0.17,0.2,1,5.6,4.5,13.2,3.2,7.2,1.6,7.6,0.2
221012-Exp-1-A1-3-88,221012,221012-Exp-1-A1-3,88,4,8,25,0,true,false,false,32.83,16.42,36.94,20.52,92,3.07,0.055,1456.67,22.58,132,0.81,0.39,0.24,0.2,4.7,41.9,7.2,17.3,3.2,10.1,23,158.9,0.5
221012-Exp-1-A1-3-89,221012,221012-Exp-1-A1-3,89,4,9,26,0,true,false,false,36.94,16.42,41.04,20.52,227,1.7,0.135,3594.17,55.71,171,0.864,0.23,0.19,0.2,3.7,73.3,6.4,17.3,3.2,11.6,44.5,264.2,0.4
221012-Exp-1-A1-3-90,221012,221012-Exp-1-A1-3,90,4,10,27,0,true,false,false,41.04,16.42,45.15,20.52,89,1.79,0.053,1409.17,21.84,235,0.823,0.17,0.13,0.2,9.6,49.7,4.5,13.6,3.2,4.5,35.2,242.4,0.4
221012-Exp-1-A1-3-91,221012,221012-Exp-1-A1-3,91,4,11,28,0,true,false,false,45.15,16.42,49.25,20.52,81,2.12,0.048,1282.5,19.88,241,0.795,0.19,0.13,0.2,2.1,25.7,4.5,16,3.2,6.4,100,264.1,0.4
221012-Exp-1-A1-3-92,221012,221012-Exp-1-A1-3,92,4,12,29,0,true,false,false,49.25,16.42,53.36,20.52,211,0.98,0.125,3340.83,51.78,277,0.89,0.28,0.15,0.2,3.7,95.4,6.4,16,3.2,10.1,22.9,292.3,0.6
221012-Exp-1-A1-3-93,221012,221012-Exp-1-A1-3,93,4,13,30,0,true,false,false,53.36,16.42,57.46,20.52,249,1.08,0.148,3942.5,61.1,172,0.907,0.35,0.15,0.3,3.3,108.2,6.4,16,3.2,11.6,100,422.8,0.5
221012-Exp-1-A1-3-94,221012,221012-Exp-1-A1-3,94,4,14,31,0,true,false,false,57.46,16.42,61.56,20.52,238,0.97,0.141,3768.33,58.4,249,0.846,0.32,0.13,0.2,5,106.1,4.5,17.3,3.2,11.6,46.1,453.1,0.5
221012-Exp-1-A1-3-95,221012,221012-Exp-1-A1-3,95,4,15,32,0,true,false,false,61.56,16.42,65.67,20.52,232,1.22,0.138,3673.33,56.93,202,0.85,0.31,0.18,0.2,3.2,89.5,7.2,16.3,3.2,11.6,35.7,362.6,0.5
221012-Exp-1-A1-3-96,221012,221012-Exp-1-A1-3,96,4,16,33,0,true,false,false,65.67,16.42,69.77,20.52,83,2.09,0.049,1314.17,20.37,184,0.885,0.22,0.17,0.2,0.9,21.9,6.4,17.3,3.2,9.1,10.9,60.8,0.3
221012-Exp-1-A1-3-97,221012,221012-Exp-1-A1-3,97,4,17,0,0,false,false,false,69.77,16.42,73.88,20.52,0,,,,,,,,,,,,,,,,,,
221012-Exp-1-A1-3-98,221012,221012-Exp-1-A1-3,98,4,18,0,0,false,false,false,73.88,16.42,77.98,20.52,0,,,,,,,,,,,,,,,,,,
221012-Exp-1-A1-3-99,221012,221012-Exp-1-A1-3,99,4,19,0,0,false,false,false,77.98,16.42,82.09,20.52,0,,,,,,,,,,,,,,,,,,
221012-Exp-1-A1-3-100,221012,221012-Exp-1-A1-3,100,5,0,34,0,true,false,false,0,20.52,4.1,24.63,32,2.68,0.019,506.67,7.85,25,0.845,0.13,0.11,0.2,2.5,9.5,4.5,13.2,3.2,7.2,5,26.3,0.3
221012-Exp-1-A1-3-101,221012,221012-Exp-1-A1-3,101,5,1,35,0,true,false,false,4.1,20.52,8.21,24.63,36,2.41,0.021,570,8.83,133,0.746,0.19,0.19,0.2,1.7,12.2,4.5,13.2,3.2,9.1,5.7,24.2,0.3
221012-Exp-1-A1-3-102,221012,221012-Exp-1-A1-3,102,5,2,36,0,true,false,false,8.21,20.52,12.31,24.63,65,2.06,0.039,1029.17,15.95,50,0.939,0.22,0.16,0.2,7.1,26.1,4.5,14.3,3.2,11.6,67.7,160.4,0.3
221012-Exp-1-A1-3-103,221012,221012-Exp-1-A1-3,103,5,3,37,0,true,false,false,12.31,20.52,16.42,24.63,99,1.6,0.059,1567.5,24.29,109,0.904,0.26,0.15,0.2,2.1,35.9,4.5,16.3,3.2,10.1,23.3,111.7,0.3
221012-Exp-1-A1-3-104,221012,221012-Exp-1-A1-3,104,5,4,38,0,true,false,false,16.42,20.52,20.52,24.63,93,1.6,0.055,1472.5,22.82,29,0.781,0.26,0.15,0.2,2.3,34.1,4.5,16,3.2,11.6,36.8,128.2,0.5
221012-Exp-1-A1-3-105,221012,221012-Exp-1-A1-3,105,5,5,39,0,true,false,false,20.52,20.52,24.63,24.63,51,2.16,0.03,807.5,12.52,119,0.871,0.19,0.13,0.2,1.1,15,4.5,17.3,3.2,6.4,100,141.9,0.2
221012-Exp-1-A1-3-106,221012,221012-Exp-1-A1-3,106,5,6,40,0,true,false,false,24.63,20.52,28.73,24.63,77,2.31,0.046,1219.17,18.9,48,0.705,0.19,0.13,0.2,2,21.3,4.5,14.3,3.2,7.2,100,166.6,0.4
221012-Exp-1-A1-3-107,221012,221012-Exp-1-A1-3,107,5,7,41,0,true,false,false,28.73,20.52,32.83,24.63,166,1.29,0.099,2628.33,40.74,139,0.917,0.23,0.15,0.2,2.6,57.8,4.5,16,3.2,11.6,17.3,197.9,0.4
221012-Exp-1-A1-3-108,221012,221012-Exp-1-A1-3,108,5,8,42,0,true,false,false,32.83,20.52,36.94,24.63,181,1.31,0.107,2865.83,44.42,185,0.887,0.26,0.13,0.2,1.8,69,4.5,17.3,3.2,7.2,76,491.6,0.5
221012-Exp-1-A1-3-109,221012,221012-Exp-1-A1-3,109,5,9,43,0,true,false,false,36.94,20.52,41.04,24.63,240,1.32,0.142,3800,58.9,191,0.938,0.31,0.15,0.2,3.3,93.1,6.4,17.3,3.2,11.6,100,545.4,0.5
221012-Exp-1-A1-3-110,221012,221012-Exp-1-A1-3,110,5,10,44,0,true,false,false,41.04,20.52,45.15,24.63,207,1.37,0.123,3277.5,50.8,214,0.904,0.21,0.13,0.2,2.1,61.3,4.5,17.3,3.2,11.6,17.2,213.3,0.4
221012-Exp-1-A1-3-111,221012,221012-Exp-1-A1-3,111,5,11,45,0,true,false,false,45.15,20.52,49.25,24.63,197,1.07,0.117,3119.17,48.34,283,0.94,0.31,0.16,0.2,3.9,82,6.4,17.3,3.2,10.1,18.8,242.6,0.4
221012-Exp-1-A1-3-112,221012,221012-Exp-1-A1-3,112,5,12,46,0,true,false,false,49.25,20.52,53.36,24.63,96,1.5,0.057,1520,23.56,332,0.8,0.22,0.13,0.2,2.8,35.1,4.5,17.3,3.2,7.2,83.7,278.9,0.4
221012-Exp-1-A1-3-113,221012,221012-Exp-1-A1-3,113,5,13,47,0,true,false,false,53.36,20.52,57.46,24.63,151,1.37,0.09,2390.83,37.06,165,0.887,0.22,0.15,0.2,2.3,49.3,4.5,16.3,3.2,7.2,100,327.1,0.5
221012-Exp-1-A1-3-114,221012,221012-Exp-1-A1-3,114,5,14,48,0,true,false,false,57.46,20.52,61.56,24.63,185,1.57,0.11,2929.17,45.4,178,0.938,0.19,0.13,0.2,5,55.9,4.5,17.3,3.2,10.1,80.5,510.5,0.4
221012-Exp-1-A1-3-115,221012,221012-Exp-1-A1-3,115,5,15,49,0,true,false,false,61.56,20.52,65.67,24.63,156,1.76,0.093,2470,38.28,369,0.862,0.19,0.13,0.2,2.4,44.4,4.5,16.3,3.2,10.1,79.5,421.6,0.5
221012-Exp-1-A1-3-116,221012,221012-Exp-1-A1-3,116,5,16,50,0,true,false,false,65.67,20.52,69.77,24.63,83,1.77,0.049,1314.17,20.37,81,0.92,0.26,0.16,0.2,2.2,31.9,4.5,16,3.2,6.4,13.4,107.4,0.4
221012-Exp-1-A1-3-117,221012,221012-Exp-1-A1-3,117,5,17,0,0,false,false,false,69.77,20.52,73.88,24.63,0,,,,,,,,,,,,,,,,,,
221012-Exp-1-A1-3-118,221012,221012-Exp-1-A1-3,118,5,18,0,0,false,false,false,73.88,20.52,77.98,24.63,0,,,,,,,,,,,,,,,,,,
221012-Exp-1-A1-3-119,221012,221012-Exp-1-A1-3,119,5,19,0,0,false,false,false,77.98,20.52,82.09,24.63,0,,,,,,,,,,,,,,,,,,
221012-Exp-1-A1-3-120,221012,221012-Exp-1-A1-3,120,6,0,51,0,true,false,false,0,24.63,4.1,28.73,46,1.93,0.027,728.33,11.29,215,0.66,0.38,0.13,0.3,2.2,25.4,4.5,16,3.2,6.6,37.2,159.5,0.4
221012-Exp-1-A1-3-121,221012,221012-Exp-1-A1-3,121,6,1,52,0,true,false,false,4.1,24.63,8.21,28.73,55,1.86,0.033,870.83,13.5,123,0.771,0.29,0.14,0.3,7,26.6,6.4,17.3,3.2,7.2,79.6,183.5,0.5
221012-Exp-1-A1-3-122,221012,221012-Exp-1-A1-3,122,6,2,53,0,true,false,false,8.21,24.63,12.31,28.73,91,1.58,0.054,1440.83,22.33,186,0.79,0.21,0.12,0.2,5.5,43.1,4.5,16,3.2,7.2,61.4,194.5,0.5
221012-Exp-1-A1-3-123,221012,221012-Exp-1-A1-3,123,6,3,54,0,true,false,false,12.31,24.63,16.42,28.73,188,1.21,0.112,2976.67,46.13,208,0.956,0.32,0.18,0.2,5.1,91,6.4,17.3,3.2,9.1,22.3,223.4,0.4
221012-Exp-1-A1-3-124,221012,221012-Exp-1-A1-3,124,6,4,55,0,true,false,false,16.42,24.63,20.52,28.73,192,1.31,0.114,3040,47.12,73,0.876,0.2,0.13,0.2,2.6,64.1,4.5,17.3,3.2,11.6,42.2,324.3,0.5
221012-Exp-1-A1-3-125,221012,221012-Exp-1-A1-3,125,6,5,56,0,true,false,false,20.52,24.63,24.63,28.73,224,1.44,0.133,3546.67,54.97,146,0.936,0.22,0.14,0.2,8.8,82.3,4.5,17.3,3.2,11.6,22.2,234.5,0.4
221012-Exp-1-A1-3-126,221012,221012-Exp-1-A1-3,126,6,6,57,0,true,false,false,24.63,24.63,28.73,28.73,119,1.19,0.071,1884.17,29.2,94,0.876,0.3,0.13,0.3,4.5,50.7,6.4,14.3,3.2,9.1,77.6,293.3,0.5
221012-Exp-1-A1-3-127,221012,221012-Exp-1-A1-3,127,6,7,58,0,true,false,false,28.73,24.63,32.83,28.73,129,1.33,0.077,2042.5,31.66,59,0.871,0.26,0.14,0.2,3.6,52.9,4.5,16,3.2,11.6,77,238,0.4
221012-Exp-1-A1-3-128,221012,221012-Exp-1-A1-3,128,6,8,59,0,true,false,false,32.83,24.63,36.94,28.73,210,0.95,0.125,3325,51.53,315,0.855,0.29,0.13,0.2,5.6,95.8,4.5,17.3,3.2,7.2,60.1,384.4,0.6
221012-Exp-1-A1-3-129,221012,221012-Exp-1-A1-3,129,6,9,60,0,true,false,false,36.94,24.63,41.04,28.73,133,1.64,0.079,2105.83,32.64,150,0.882,0.24,0.15,0.2,1.8,47.6,4.5,16.3,3.2,7.2,27.9,167.4,0.4
221012-Exp-1-A1-3-130,221012,221012-Exp-1-A1-3,130,6,10,61,0,true,false,false,41.04,24.63,45.15,28.73,131,1.3,0.078,2074.17,32.15,167,0.91,0.25,0.13,0.2,4.7,51.2,4.5,16.3,3.2,10.1,48.1,220.5,0.4
221012-Exp-1-A1-3-131,221012,221012-Exp-1-A1-3,131,6,11,62,0,true,false,false,45.15,24.63,49.25,28.73,138,1.21,0.082,2185,33.87,115,0.84,0.26,0.13,0.2,5.5,55.3,4.5,16,3.2,11.6,34.7,333.8,0.5
221012-Exp-1-A1-3-132,221012,221012-Exp-1-A1-3,132,6,12,63,0,true,false,false,49.25,24.63,53.36,28.73,130,1.52,0.077,2058.33,31.9,225,0.889,0.26,0.17,0.2,1.6,46.4,4.5,16.3,3.2,11.6,25.1,197.5,0.4
221012-Exp-1-A1-3-133,221012,221012-Exp-1-A1-3,133,6,13,64,0,true,false,false,53.36,24.63,57.46,28.73,128,2.07,0.076,2026.67,31.41,149,0.878,0.25,0.2,0.2,2,40,6.4,16.3,3.2,11.6,64,213.9,0.5
221012-Exp-1-A1-3-134,221012,221012-Exp-1-A1-3,134,6,14,65,0,true,false,false,57.46,24.63,61.56,28.73,132,1.75,0.078,2090,32.39,174,0.846,0.22,0.13,0.2,3.4,43.2,4.8,16.3,3.2,10.1,69.8,485.8,0.5
221012-Exp-1-A1-3-135,221012,221012-Exp-1-A1-3,135,6,15,66,0,true,false,false,61.56,24.63,65.67,28.73,123,1.7,0.073,1947.5,30.18,117,0.887,0.21,0.16,0.2,1.6,37.1,7.2,17.3,3.2,10.1,27.5,240.9,0.4
221012-Exp-1-A1-3-136,221012,221012-Exp-1-A1-3,136,6,16,67,0,true,false,false,65.67,24.63,69.77,28.73,95,2.36,0.056,1504.17,23.31,108,0.689,0.26,0.19,0.2,1.3,27,7.2,17.3,3.2,11.6,8.8,79.9,0.3
221012-Exp-1-A1-3-137,221012,221012-Exp-1-A1-3,137,6,17,0,0,false,false,false,69.77,24.63,73.88,28.73,0,,,,,,,,,,,,,,,,,,
221012-Exp-1-A1-3-138,221012,221012-Exp-1-A1-3,138,6,18,0,0,false,false,false,73.88,24.63,77.98,28.73,0,,,,,,,,,,,,,,,,,,
221012-Exp-1-A1-3-139,221012,221012-Exp-1-A1-3,139,6,19,0,0,false,false,false,77.98,24.63,82.09,28.73,0,,,,,,,,,,,,,,,,,,
221012-Exp-1-A1-3-140,221012,221012-Exp-1-A1-3,140,7,0,68,0,true,false,false,0,28.73,4.1,32.83,190,1.24,0.113,3008.33,46.63,274,0.949,0.24,0.12,0.2,4.5,83.8,5.6,16.3,3.2,11.6,36.8,489.7,0.5
221012-Exp-1-A1-3-141,221012,221012-Exp-1-A1-3,141,7,1,69,0,true,false,false,4.1,28.73,8.21,32.83,101,1.6,0.06,1599.17,24.79,176,0.848,0.18,0.14,0.2,2.4,38,4.5,17.3,3.2,7.2,21.9,118.4,0.3
221012-Exp-1-A1-3-142,221012,221012-Exp-1-A1-3,142,7,2,70,0,true,false,false,8.21,28.73,12.31,32.83,103,1.91,0.061,1630.83,25.28,149,0.979,0.17,0.13,0.2,4.2,35.9,4.5,13.2,3.2,11.6,17,126.6,0.3
221012-Exp-1-A1-3-143,221012,221012-Exp-1-A1-3,143,7,3,71,0,true,false,false,12.31,28.73,16.42,32.83,171,1.48,0.102,2707.5,41.96,101,0.874,0.19,0.13,0.2,2.6,54.3,4.5,17.3,3.2,9.6,44.1,282.9,0.4
221012-Exp-1-A1-3-144,221012,221012-Exp-1-A1-3,144,7,4,72,0,true,false,false,16.42,28.73,20.52,32.83,220,1.19,0.131,3483.33,53.99,107,0.812,0.32,0.15,0.3,6,98.2,6.4,17.3,3.2,10.1,10.3,298.7,0.6
221012-Exp-1-A1-3-145,221012,221012-Exp-1-A1-3,145,7,5,73,0,true,false,false,20.52,28.73,24.63,32.83,54,3.25,0.032,855,13.25,27,0.769,0.13,0.14,0.2,3,15.3,4.5,14.3,3.2,10.1,4.9,48.2,0.4
221012-Exp-1-A1-3-146,221012,221012-Exp-1-A1-3,146,7,6,74,0,true,false,false,24.63,28.73,28.73,32.83,167,1.63,0.099,2644.17,40.98,299,0.796,0.37,0.16,0.3,5.4,68.1,7.2,16.3,3.2,11.6,79.3,295.2,0.5
221012-Exp-1-A1-3-147,221012,221012-Exp-1-A1-3,147,7,7,75,0,true,false,false,28.73,28.73,32.83,32.83,152,1.01,0.09,2406.67,37.3,183,0.867,0.21,0.13,0.2,3.9,60.9,4.5,17.3,3.2,7.2,49.7,257.1,0.4
221012-Exp-1-A1-3-148,221012,221012-Exp-1-A1-3,148,7,8,76,0,true,false,false,32.83,28.73,36.94,32.83,161,1.26,0.096,2549.17,39.51,282,0.904,0.3,0.15,0.2,4.7,65.3,6.4,16.3,3.2,7.2,31.8,170.5,0.4
221012-Exp-1-A1-3-149,221012,221012-Exp-1-A1-3,149,7,9,77,0,true,false,false,36.94,28.73,41.04,32.83,47,1.91,0.028,744.17,11.53,359,0.783,0.26,0.17,0.2,6.1,20.7,6.4,11.6,3.2,9.6,12.2,72.9,0.4
221012-Exp-1-A1-3-150,221012,221012-Exp-1-A1-3,150,7,10,0,0,false,false,false,41.04,28.73,45.15,32.83,57,2.34,0.034,902.5,13.99,,,0.18,0.1,0.2,2.9,21.5,4.5,16,3.2,7.2,77.3,233.4,0.3
221012-Exp-1-A1-3-151,221012,221012-Exp-1-A1-3,151,7,11,78,0,true,false,false,45.15,28.73,49.25,32.83,61,1.85,0.036,965.83,14.97,83,0.891,0.19,0.13,0.2,2.5,24.8,4.5,14.3,3.2,10.1,75.7,151.4,0.3
221012-Exp-1-A1-3-152,221012,221012-Exp-1-A1-3,152,7,12,79,0,true,false,false,49.25,28.73,53.36,32.83,62,2.4,0.037,981.67,15.21,65,0.929,0.29,0.19,0.2,1,17.4,6.4,14.3,3.2,7.2,55.6,203.6,0.4
221012-Exp-1-A1-3-153,221012,221012-Exp-1-A1-3,153,7,13,80,0,true,false,false,53.36,28.73,57.46,32.83,118,1.59,0.07,1868.33,28.96,180,0.905,0.24,0.13,0.2,4,47.5,6.4,14.3,3.2,10.1,54.6,385.3,0.6
221012-Exp-1-A1-3-154,221012,221012-Exp-1-A1-3,154,7,14,81,0,true,false,false,57.46,28.73,61.56,32.83,36,2.24,0.021,570,8.83,54,0.954,0.35,0.24,0.2,1.4,10.8,6.5,16,3.4,11.6,7,28.1,0.2
221012-Exp-1-A1-3-155,221012,221012-Exp-1-A1-3,155,7,15,0,0,false,false,false,61.56,28.73,65.67,32.83,3,5.69,0.002,47.5,0.74,,,1.91,0.4,0.5,1,2,9.1,9.6,3.2,3.9,0.6,1.3,0.4
221012-Exp-1-A1-3-156,221012,221012-Exp-1-A1-3,156,7,16,0,0,false,false,false,65.67,28.73,69.77,32.83,2,7,0.001,31.67,0.49,,,12.56,0.43,2,3.6,4,8.3,10.1,5.5,6.4,2,2.2,1.1
221012-Exp-1-A1-3-157,221012,221012-Exp-1-A1-3,157,7,17,0,0,false,false,false,69.77,28.73,73.88,32.83,0,,,,,,,,,,,,,,,,,,
221012-Exp-1-A1-3-158,221012,221012-Exp-1-A1-3,158,7,18,0,0,false,false,false,73.88,28.73,77.98,32.83,0,,,,,,,,,,,,,,,,,,
221012-Exp-1-A1-3-159,221012,221012-Exp-1-A1-3,159,7,19,0,0,false,false,false,77.98,28.73,82.09,32.83,0,,,,,,,,,,,,,,,,,,
221012-Exp-1-A1-3-160,221012,221012-Exp-1-A1-3,160,8,0,82,0,true,false,false,0,32.83,4.1,36.94,117,2.08,0.069,1852.5,28.71,282,0.756,0.2,0.12,0.2,2.2,37.1,4.5,14.3,3.2,10.1,53.7,299.1,0.5
221012-Exp-1-A1-3-161,221012,221012-Exp-1-A1-3,161,8,1,83,0,true,false,false,4.1,32.83,8.21,36.94,153,1.26,0.091,2422.5,37.55,180,0.925,0.26,0.13,0.2,2.4,51.4,4.5,17.3,3.2,10.1,15.9,242.9,0.4
221012-Exp-1-A1-3-162,221012,221012-Exp-1-A1-3,162,8,2,84,0,true,false,false,8.21,32.83,12.31,36.94,156,1.24,0.093,2470,38.28,240,0.946,0.31,0.13,0.3,4.4,77.6,4.5,17.3,3.2,10.1,56.5,346.4,0.4
221012-Exp-1-A1-3-163,221012,221012-Exp-1-A1-3,163,8,3,85,0,true,false,false,12.31,32.83,16.42,36.94,128,1.21,0.076,2026.67,31.41,161,0.928,0.19,0.12,0.2,4.1,48.4,4.5,16,3.2,9.1,56.4,262.6,0.4
221012-Exp-1-A1-3-164,221012,221012-Exp-1-A1-3,164,8,4,86,0,true,false,false,16.42,32.83,20.52,36.94,62,2.17,0.037,981.67,15.21,49,0.853,0.18,0.13,0.2,1.7,18.6,4.5,13.2,3.2,11.6,2.9,42.7,0.4
221012-Exp-1-A1-3-165,221012,221012-Exp-1-A1-3,165,8,5,87,0,true,false,false,20.52,32.83,24.63,36.94,57,2.79,0.034,902.5,13.99,30,0.784,0.23,0.18,0.2,3.4,17.5,6.4,10.1,3.2,7.2,12.9,42.9,0.4
221012-Exp-1-A1-3-166,221012,221012-Exp-1-A1-3,166,8,6,88,0,true,false,false,24.63,32.83,28.73,36.94,96,2.17,0.057,1520,23.56,124,0.895,0.23,0.13,0.2,7.7,44.3,6.4,16,3.2,10.1,35.8,173.1,0.4
221012-Exp-1-A1-3-167,221012,221012-Exp-1-A1-3,167,8,7,89,0,true,false,false,28.73,32.83,32.83,36.94,133,1.18,0.079,2105.83,32.64,161,0.818,0.31,0.13,0.2,1.9,54.2,4.5,13.6,3.2,11.6,32.1,285,0.6
221012-Exp-1-A1-3-168,221012,221012-Exp-1-A1-3,168,8,8,90,0,true,false,false,32.83,32.83,36.94,36.94,23,3.68,0.014,364.17,5.64,406,0.266,0.22,0.1,0.2,1.1,5.7,4.5,10.1,3.2,7.2,14.3,33.4,0.5
221012-Exp-1-A1-3-169,221012,221012-Exp-1-A1-3,169,8,9,0,0,false,false,false,36.94,32.83,41.04,36.94,17,3.12,0.01,269.17,4.17,,,0.26,0.13,0.2,2.3,5.5,4.5,10.1,3.2,10.1,21,26.1,0.2
221012-Exp-1-A1-3-170,221012,221012-Exp-1-A1-3,170,8,10,91,0,true,false,false,41.04,32.83,45.15,36.94,59,2.81,0.035,934.17,14.48,130,0.954,0.19,0.13,0.2,2.6,21.7,4.5,14.3,3.2,7.2,55.5,150.5,0.3
221012-Exp-1-A1-3-171,221012,221012-Exp-1-A1-3,171,8,11,92,0,true,false,false,45.15,32.83,49.25,36.94,69,1.85,0.041,1092.5,16.93,85,0.896,0.39,0.24,0.2,1.8,24.5,7.2,14.3,3.6,11.6,60.9,135.9,0.3
221012-Exp-1-A1-3-172,221012,221012-Exp-1-A1-3,172,8,12,93,0,true,false,false,49.25,32.83,53.36,36.94,89,1.62,0.053,1409.17,21.84,103,0.843,0.17,0.13,0.2,1.6,22,4.5,16,3.2,10.1,99.8,185.1,0.3
221012-Exp-1-A1-3-173,221012,221012-Exp-1-A1-3,173,8,13,94,0,true,false,false,53.36,32.83,57.46,36.94,124,1.2,0.074,1963.33,30.43,113,0.88,0.22,0.13,0.2,4.2,51.8,4.5,14.3,3.2,7.2,27.7,234.3,0.4
221012-Exp-1-A1-3-174,221012,221012-Exp-1-A1-3,174,8,14,0,0,false,false,false,57.46,32.83,61.56,36.94,0,,,,,,,,,,,,,,,,,,
221012-Exp-1-A1-3-175,221012,221012-Exp-1-A1-3,175,8,15,0,0,false,false,false,61.56,32.83,65.67,36.94,6,3.96,0.004,95,1.47,,,0.74,0.35,0.5,1.5,3.6,7.2,10.1,4.5,7.2,1,2.2,0.3
221012-Exp-1-A1-3-176,221012,221012-Exp-1-A1-3,176,8,16,0,0,false,false,false,65.67,32.83,69.77,36.94,8,3.39,0.005,126.67,1.96,,,2.38,0.56,0.7,0.9,5.6,11.6,16.3,4.5,7.2,1.6,5.9,0.6
221012-Exp-1-A1-3-177,221012,221012-Exp-1-A1-3,177,8,17,0,0,false,false,false,69.77,32.83,73.88,36.94,0,,,,,,,,,,,,,,,,,,
221012-Exp-1-A1-3-178,221012,221012-Exp-1-A1-3,178,8,18,0,0,false,false,false,73.88,32.83,77.98,36.94,0,,,,,,,,,,,,,,,,,,
221012-Exp-1-A1-3-179,221012,221012-Exp-1-A1-3,179,8,19,0,0,false,false,false,77.98,32.83,82.09,36.94,0,,,,,,,,,,,,,,,,,,
221012-Exp-1-A1-3-180,221012,221012-Exp-1-A1-3,180,9,0,95,0,true,false,false,0,36.94,4.1,41.04,51,2.21,0.03,807.5,12.52,151,0.915,0.15,0.1,0.2,1.8,15.7,4.5,16.3,3.2,9.6,100,289.4,0.3
221012-Exp-1-A1-3-181,221012,221012-Exp-1-A1-3,181,9,1,96,0,true,false,false,4.1,36.94,8.21,41.04,110,1.55,0.065,1741.67,26.99,163,0.959,0.19,0.13,0.2,2.7,34.6,4.5,16,3.2,9.6,63.2,310.6,0.4
221012-Exp-1-A1-3-182,221012,221012-Exp-1-A1-3,182,9,2,97,0,true,false,false,8.21,36.94,12.31,41.04,131,1.39,0.078,2074.17,32.15,101,0.874,0.19,0.1,0.2,4.2,55.8,4.5,13.6,3.2,9.1,66.8,353.8,0.6
221012-Exp-1-A1-3-183,221012,221012-Exp-1-A1-3,183,9,3,98,0,true,false,false,12.31,36.94,16.42,41.04,35,2.11,0.021,554.17,8.59,31,0.854,0.2,0.1,0.2,2.7,20,4.5,11.6,3.2,11.6,27,85.8,0.3
221012-Exp-1-A1-3-184,221012,221012-Exp-1-A1-3,184,9,4,99,0,true,false,false,16.42,36.94,20.52,41.04,84,1.9,0.05,1330,20.61,114,0.804,0.27,0.19,0.2,2.5,26.4,6.4,13.6,3.2,11.6,5.9,51.2,0.3
221012-Exp-1-A1-3-185,221012,221012-Exp-1-A1-3,185,9,5,100,0,true,false,false,20.52,36.94,24.63,41.04,41,2.04,0.024,649.17,10.06,52,0.859,0.42,0.17,0.2,6.9,31.1,6.4,17.3,3.2,7.2,29.1,116.5,0.6
221012-Exp-1-A1-3-186,221012,221012-Exp-1-A1-3,186,9,6,101,0,true,false,false,24.63,36.94,28.73,41.04,51,2.44,0.03,807.5,12.52,133,0.613,0.26,0.17,0.2,3,17.2,6.4,14.3,3.2,7.2,24.9,93,0.5
221012-Exp-1-A1-3-187,221012,221012-Exp-1-A1-3,187,9,7,0,0,false,false,false,28.73,36.94,32.83,41.04,16,5.06,0.009,253.33,3.93,,,0.18,0.11,0.2,0.4,3,4.5,7.2,3.2,4.5,5.9,15.7,0.7
221012-Exp-1-A1-3-188,221012,221012-Exp-1-A1-3,188,9,8,0,0,false,false,false,32.83,36.94,36.94,41.04,3,9.95,0.002,47.5,0.74,,,0.21,0.17,0.2,0.4,0.8,4.5,6.4,3.2,6.4,0.2,0.4,0.1
221012-Exp-1-A1-3-189,221012,221012-Exp-1-A1-3,189,9,9,102,0,true,false,false,36.94,36.94,41.04,41.04,46,3.07,0.027,728.33,11.29,191,0.626,0.17,0.13,0.2,7.9,22.3,4.5,13.6,3.2,7.2,90.4,120.8,0.3
221012-Exp-1-A1-3-190,221012,221012-Exp-1-A1-3,190,9,10,0,0,false,false,false,41.04,36.94,45.15,41.04,0,,,,,,,,,,,,,,,,,,
221012-Exp-1-A1-3-191,221012,221012-Exp-1-A1-3,191,9,11,0,0,false,false,false,45.15,36.94,49.25,41.04,25,3.5,0.015,395.83,6.13,,,0.27,0.11,0.3,5.2,14,4.5,10.1,3.2,6.4,61.6,220.3,2.7
221012-Exp-1-A1-3-192,221012,221012-Exp-1-A1-3,192,9,12,103,0,true,false,false,49.25,36.94,53.36,41.04,43,2.72,0.026,680.83,10.55,370,0.669,0.36,0.13,0.2,2.3,17.1,7.2,16,3.2,7.2,33.9,152.7,0.8
221012-Exp-1-A1-3-193,221012,221012-Exp-1-A1-3,193,9,13,0,0,false,false,false,53.36,36.94,57.46,41.04,14,4.29,0.008,221.67,3.44,,,0.33,0.17,0.3,1.7,5.4,5.5,16.3,3.2,7.2,5.3,14.1,0.4
221012-Exp-1-A1-3-194,221012,221012-Exp-1-A1-3,194,9,14,0,0,false,false,false,57.46,36.94,61.56,41.04,0,,,,,,,,,,,,,,,,,,
221012-Exp-1-A1-3-195,221012,221012-Exp-1-A1-3,195,9,15,0,0,false,false,false,61.56,36.94,65.67,41.04,0,,,,,,,,,,,,,,,,,,
221012-Exp-1-A1-3-196,221012,221012-Exp-1-A1-3,196,9,16,0,0,false,false,false,65.67,36.94,69.77,41.04,1,9.95,0.001,15.83,0.25,,,0.13,0.17,0.2,0.2,0.2,4.5,4.5,3.2,3.2,0.2,0.2,0.2
221012-Exp-1-A1-3-197,221012,221012-Exp-1-A1-3,197,9,17,0,0,false,false,false,69.77,36.94,73.88,41.04,1,9.95,0.001,15.83,0.25,,,0.1,0.11,0,0,0,6.4,6.4,3.2,3.2,7.8,7.8,7.8
221012-Exp-1-A1-3-198,221012,221012-Exp-1-A1-3,198,9,18,0,0,false,false,false,73.88,36.94,77.98,41.04,0,,,,,,,,,,,,,,,,,,
221012-Exp-1-A1-3-199,221012,221012-Exp-1-A1-3,199,9,19,0,0,false,false,false,77.98,36.94,82.09,41.04,0,,,,,,,,,,,,,,,,,,
221012-Exp-1-A1-3-200,221012,221012-Exp-1-A1-3,200,10,0,0,0,false,false,false,0,41.04,4.1,45.15,14,5.25,0.008,221.67,3.44,,,0.38,0.1,0.3,1.6,5.8,8.7,11.6,3.2,10.1,100,219.1,0.6
221012-Exp-1-A1-3-201,221012,221012-Exp-1-A1-3,201,10,1,104,0,true,false,false,4.1,41.04,8.21,45.15,100,5.67,0.059,1583.33,24.54,60,0.808,0.13,0.14,0.2,0.8,17.4,4.5,11.6,3.2,9.1,7.5,82,0.4
221012-Exp-1-A1-3-202,221012,221012-Exp-1-A1-3,202,10,2,105,0,true,false,false,8.21,41.04,12.31,45.15,43,1.69,0.026,680.83,10.55,43,0.661,0.24,0.09,0.2,4.2,28.5,4.5,14.3,3.2,6.4,57.5,216.1,0.6
221012-Exp-1-A1-3-203,221012,221012-Exp-1-A1-3,203,10,3,106,0,true,false,false,12.31,41.04,16.42,45.15,26,3.71,0.015,411.67,6.38,223,0.434,0.21,0.19,0.2,0.9,7.1,6.4,10.1,3.2,10.1,2.9,18.2,0.4
221012-Exp-1-A1-3-204,221012,221012-Exp-1-A1-3,204,10,4,107,0,true,false,false,16.42,41.04,20.52,45.15,110,1.98,0.065,1741.67,26.99,236,0.911,0.32,0.24,0.3,1.6,42.9,7.2,16,3.2,11.6,38.5,170.2,0.4
221012-Exp-1-A1-3-205,221012,221012-Exp-1-A1-3,205,10,5,108,0,true,false,false,20.52,41.04,24.63,45.15,48,2.72,0.028,760,11.78,59,0.932,0.21,0.1,0.2,5.3,33.6,4.5,16.3,3.2,7.2,56.8,180.3,0.5
221012-Exp-1-A1-3-206,221012,221012-Exp-1-A1-3,206,10,6,0,0,false,false,false,24.63,41.04,28.73,45.15,9,3.18,0.005,142.5,2.21,,,0.47,0.13,0.3,2.5,6.7,6.4,10.1,3.2,7.2,11.6,21.4,0.2
221012-Exp-1-A1-3-207,221012,221012-Exp-1-A1-3,207,10,7,0,0,false,false,false,28.73,41.04,32.83,45.15,0,,,,,,,,,,,,,,,,,,
221012-Exp-1-A1-3-208,221012,221012-Exp-1-A1-3,208,10,8,0,0,false,false,false,32.83,41.04,36.94,45.15,1,9.95,0.001,15.83,0.25,,,0.33,0.26,0.3,0.3,0.3,7.2,7.2,3.2,3.2,0.3,0.3,0.3
221012-Exp-1-A1-3-209,221012,221012-Exp-1-A1-3,209,10,9,109,0,true,false,false,36.94,41.04,41.04,45.15,53,3.29,0.031,839.17,13.01,194,0.626,0.17,0.12,0.2,3,20.4,4.5,11.6,3.2,9.1,32.2,158.5,0.5
221012-Exp-1-A1-3-210,221012,221012-Exp-1-A1-3,210,10,10,0,0,false,false,false,41.04,41.04,45.15,45.15,43,3,0.026,680.83,10.55,,,0.19,0.13,0.2,1.6,15.7,4.5,13.2,3.2,4.5,46,226.4,0.9
221012-Exp-1-A1-3-211,221012,221012-Exp-1-A1-3,211,10,11,110,0,true,false,false,45.15,41.04,49.25,45.15,46,2.35,0.027,728.33,11.29,107,0.835,0.18,0.15,0.2,2.4,13.4,4.5,13.2,3.2,9.1,12.1,60.9,0.4
221012-Exp-1-A1-3-212,221012,221012-Exp-1-A1-3,212,10,12,0,0,false,false,false,49.25,41.04,53.36,45.15,7,6.15,0.004,110.83,1.72,,,0.13,0.13,0.2,0.8,1.8,4.5,11.6,3.2,4.5,11.4,18.3,1.5
221012-Exp-1-A1-3-213,221012,221012-Exp-1-A1-3,213,10,13,0,0,false,false,false,53.36,41.04,57.46,45.15,0,,,,,,,,,,,,,,,,,,
221012-Exp-1-A1-3-214,221012,221012-Exp-1-A1-3,214,10,14,0,0,false,false,false,57.46,41.04,61.56,45.15,0,,,,,,,,,,,,,,,,,,
221012-Exp-1-A1-3-215,221012,221012-Exp-1-A1-3,215,10,15,0,0,false,false,false,61.56,41.04,65.67,45.15,0,,,,,,,,,,,,,,,,,,
221012-Exp-1-A1-3-216,221012,221012-Exp-1-A1-3,216,10,16,0,0,false,false,false,65.67,41.04,69.77,45.15,0,,,,,,,,,,,,,,,,,,
221012-Exp-1-A1-3-217,221012,221012-Exp-1-A1-3,217,10,17,0,0,false,false,false,69.77,41.04,73.88,45.15,0,,,,,,,,,,,,,,,,,,
221012-Exp-1-A1-3-218,221012,221012-Exp-1-A1-3,218,10,18,0,0,false,false,false,73.88,41.04,77.98,45.15,0,,,,,,,,,,,,,,,,,,
221012-Exp-1-A1-3-219,221012,221012-Exp-1-A1-3,219,10,19,0,0,false,false,false,77.98,41.04,82.09,45.15,0,,,,,,,,,,,,,,,,,,
221012-Exp-1-A1-3-220,221012,221012-Exp-1-A1-3,220,11,0,111,0,true,false,false,0,45.15,4.1,49.25,40,3.22,0.024,633.33,9.82,259,0.71,0.21,0.18,0.2,1.7,12.7,6.4,14.3,3.2,11.6,17.2,50.3,0.5
221012-Exp-1-A1-3-221,221012,221012-Exp-1-A1-3,221,11,1,112,0,true,false,false,4.1,45.15,8.21,49.25,98,2.52,0.058,1551.67,24.05,20,0.769,0.13,0.12,0.2,3.3,24.8,4.5,14.3,3.2,7.2,88.7,290.4,0.4
221012-Exp-1-A1-3-222,221012,221012-Exp-1-A1-3,222,11,2,113,0,true,false,false,8.21,45.15,12.31,49.25,121,1.88,0.072,1915.83,29.69,180,0.839,0.17,0.13,0.2,5.5,36.7,4.5,13.6,3.2,10.1,70.4,253.8,0.5
221012-Exp-1-A1-3-223,221012,221012-Exp-1-A1-3,223,11,3,114,0,true,false,false,12.31,45.15,16.42,49.25,95,2.17,0.056,1504.17,23.31,146,0.827,0.21,0.19,0.2,4.7,31,7.2,16,3.2,7.2,25.7,180.2,0.4
221012-Exp-1-A1-3-224,221012,221012-Exp-1-A1-3,224,11,4,115,0,true,false,false,16.42,45.15,20.52,49.25,22,3.5,0.013,348.33,5.4,88,0.839,0.17,0.2,0.2,1.8,6.7,5.5,10.1,3.2,7.2,29.3,38.4,0.2
221012-Exp-1-A1-3-225,221012,221012-Exp-1-A1-3,225,11,5,116,0,true,false,false,20.52,45.15,24.63,49.25,90,1.81,0.053,1425,22.09,118,0.885,0.19,0.11,0.2,4.7,43.9,4.5,13.6,3.2,9.1,51.7,190.4,0.5
221012-Exp-1-A1-3-226,221012,221012-Exp-1-A1-3,226,11,6,117,0,true,false,false,24.63,45.15,28.73,49.25,27,2.45,0.016,427.5,6.63,153,0.678,0.26,0.13,0.4,10.6,24.2,4.5,11.6,3.2,4.5,29.5,69.8,0.5
221012-Exp-1-A1-3-227,221012,221012-Exp-1-A1-3,227,11,7,0,0,false,false,false,28.73,45.15,32.83,49.25,0,,,,,,,,,,,,,,,,,,
221012-Exp-1-A1-3-228,221012,221012-Exp-1-A1-3,228,11,8,0,0,false,false,false,32.83,45.15,36.94,49.25,0,,,,,,,,,,,,,,,,,,
221012-Exp-1-A1-3-229,221012,221012-Exp-1-A1-3,229,11,9,0,0,false,false,false,36.94,45.15,41.04,49.25,0,,,,,,,,,,,,,,,,,,
221012-Exp-1-A1-3-230,221012,221012-Exp-1-A1-3,230,11,10,0,0,false,false,false,41.04,45.15,45.15,49.25,0,,,,,,,,,,,,,,,,,,
221012-Exp-1-A1-3-231,221012,221012-Exp-1-A1-3,231,11,11,0,0,false,false,false,45.15,45.15,49.25,49.25,0,,,,,,,,,,,,,,,,,,
221012-Exp-1-A1-3-232,221012,221012-Exp-1-A1-3,232,11,12,0,0,false,false,false,49.25,45.15,53.36,49.25,0,,,,,,,,,,,,,,,,,,
221012-Exp-1-A1-3-233,221012,221012-Exp-1-A1-3,233,11,13,0,0,false,false,false,53.36,45.15,57.46,49.25,0,,,,,,,,,,,,,,,,,,
221012-Exp-1-A1-3-234,221012,221012-Exp-1-A1-3,234,11,14,0,0,false,false,false,57.46,45.15,61.56,49.25,0,,,,,,,,,,,,,,,,,,
221012-Exp-1-A1-3-235,221012,221012-Exp-1-A1-3,235,11,15,0,0,false,false,false,61.56,45.15,65.67,49.25,0,,,,,,,,,,,,,,,,,,
221012-Exp-1-A1-3-236,221012,221012-Exp-1-A1-3,236,11,16,0,0,false,false,false,65.67,45.15,69.77,49.25,0,,,,,,,,,,,,,,,,,,
221012-Exp-1-A1-3-237,221012,221012-Exp-1-A1-3,237,11,17,0,0,false,false,false,69.77,45.15,73.88,49.25,0,,,,,,,,,,,,,,,,,,
221012-Exp-1-A1-3-238,221012,221012-Exp-1-A1-3,238,11,18,0,0,false,false,false,73.88,45.15,77.98,49.25,0,,,,,,,,,,,,,,,,,,
221012-Exp-1-A1-3-239,221012,221012-Exp-1-A1-3,239,11,19,0,0,false,false,false,77.98,45.15,82.09,49.25,0,,,,,,,,,,,,,,,,,,
221012-Exp-1-A1-3-240,221012,221012-Exp-1-A1-3,240,12,0,118,0,true,false,false,0,49.25,4.1,53.36,54,3.49,0.032,855,13.25,26,0.941,0.17,0.13,0.2,1,11.3,4.5,11.6,3.2,4.5,15.3,58.6,0.4
221012-Exp-1-A1-3-241,221012,221012-Exp-1-A1-3,241,12,1,119,0,true,false,false,4.1,49.25,8.21,53.36,58,2.78,0.034,918.33,14.23,221,0.77,0.2,0.17,0.2,1.8,15.3,6.4,11.6,3.2,7.2,9.4,53.8,0.4
221012-Exp-1-A1-3-242,221012,221012-Exp-1-A1-3,242,12,2,120,0,true,false,false,8.21,49.25,12.31,53.36,100,2.14,0.059,1583.33,24.54,196,0.856,0.21,0.17,0.2,2.4,29.2,6.8,13.6,3.2,8.2,10.8,105.9,0.4
221012-Exp-1-A1-3-243,221012,221012-Exp-1-A1-3,243,12,3,121,0,true,false,false,12.31,49.25,16.42,53.36,157,1.73,0.093,2485.83,38.53,228,0.896,0.42,0.32,0.2,6,63.5,7.2,17.3,4.5,11.6,30.3,171.3,0.4
221012-Exp-1-A1-3-244,221012,221012-Exp-1-A1-3,244,12,4,0,0,false,false,false,16.42,49.25,20.52,53.36,12,3.59,0.007,190,2.94,,,0.33,0.11,0.2,1.9,5.3,4.5,13.2,3.2,4.5,50.1,86.2,1
221012-Exp-1-A1-3-245,221012,221012-Exp-1-A1-3,245,12,5,122,0,true,false,false,20.52,49.25,24.63,53.36,45,1.67,0.027,712.5,11.04,51,0.614,0.26,0.13,0.2,4.7,22.8,4.5,10.1,3.2,6.4,22.7,60.2,0.6
221012-Exp-1-A1-3-246,221012,221012-Exp-1-A1-3,246,12,6,0,0,false,false,false,24.63,49.25,28.73,53.36,28,2.95,0.017,443.33,6.87,,,0.15,0.1,0.2,4,14.5,4.5,10.1,3.2,4.5,32.4,77.5,0.5
221012-Exp-1-A1-3-247,221012,221012-Exp-1-A1-3,247,12,7,0,0,false,false,false,28.73,49.25,32.83,53.36,12,3.96,0.007,190,2.94,,,0.21,0.12,0.2,2.2,4.6,4.5,11.6,3.2,4.5,30.6,41.5,0.6
221012-Exp-1-A1-3-248,221012,221012-Exp-1-A1-3,248,12,8,0,0,false,false,false,32.83,49.25,36.94,53.36,0,,,,,,,,,,,,,,,,,,
221012-Exp-1-A1-3-249,221012,221012-Exp-1-A1-3,249,12,9,0,0,false,false,false,36.94,49.25,41.04,53.36,0,,,,,,,,,,,,,,,,,,
221012-Exp-1-A1-3-250,221012,221012-Exp-1-A1-3,250,12,10,0,0,false,false,false,41.04,49.25,45.15,53.36,0,,,,,,,,,,,,,,,,,,
221012-Exp-1-A1-3-251,221012,221012-Exp-1-A1-3,251,12,11,0,0,false,false,false,45.15,49.25,49.25,53.36,0,,,,,,,,,,,,,,,,,,
221012-Exp-1-A1-3-252,221012,221012-Exp-1-A1-3,252,12,12,0,0,false,false,false,49.25,49.25,53.36,53.36,0,,,,,,,,,,,,,,,,,,
221012-Exp-1-A1-3-253,221012,221012-Exp-1-A1-3,253,12,13,0,0,false,false,false,53.36,49.25,57.46,53.36,0,,,,,,,,,,,,,,,,,,
221012-Exp-1-A1-3-254,221012,221012-Exp-1-A1-3,254,12,14,0,0,false,false,false,57.46,49.25,61.56,53.36,0,,,,,,,,,,,,,,,,,,
221012-Exp-1-A1-3-255,221012,221012-Exp-1-A1-3,255,12,15,0,0,false,false,false,61.56,49.25,65.67,53.36,0,,,,,,,,,,,,,,,,,,
221012-Exp-1-A1-3-256,221012,221012-Exp-1-A1-3,256,12,16,0,0,false,false,false,65.67,49.25,69.77,53.36,0,,,,,,,,,,,,,,,,,,
221012-Exp-1-A1-3-257,221012,221012-Exp-1-A1-3,257,12,17,0,0,false,false,false,69.77,49.25,73.88,53.36,0,,,,,,,,,,,,,,,,,,
221012-Exp-1-A1-3-258,221012,221012-Exp-1-A1-3,258,12,18,0,0,false,false,false,73.88,49.25,77.98,53.36,0,,,,,,,,,,,,,,,,,,
221012-Exp-1-A1-3-259,221012,221012-Exp-1-A1-3,259,12,19,0,0,false,false,false,77.98,49.25,82.09,53.36,0,,,,,,,,,,,,,,,,,,
221012-Exp-1-A1-3-260,221012,221012-Exp-1-A1-3,260,13,0,0,0,false,false,false,0,53.36,4.1,57.46,0,,,,,,,,,,,,,,,,,,
221012-Exp-1-A1-3-261,221012,221012-Exp-1-A1-3,261,13,1,123,0,true,false,false,4.1,53.36,8.21,57.46,45,3.07,0.027,712.5,11.04,137,0.872,0.15,0.11,0.2,2.4,15.1,4.5,10.1,3.2,4.5,4.2,40.8,0.5
221012-Exp-1-A1-3-262,221012,221012-Exp-1-A1-3,262,13,2,124,0,true,false,false,8.21,53.36,12.31,57.46,62,2.01,0.037,981.67,15.21,58,0.842,0.32,0.21,0.2,1,18.7,7.2,16,3.2,10.1,40,130.2,0.5
221012-Exp-1-A1-3-263,221012,221012-Exp-1-A1-3,263,13,3,125,0,true,false,false,12.31,53.36,16.42,57.46,59,2.48,0.035,934.17,14.48,41,0.933,0.13,0.14,0.2,1.7,13.6,4.5,13.2,3.2,7.2,51.4,114.4,0.3
221012-Exp-1-A1-3-264,221012,221012-Exp-1-A1-3,264,13,4,126,0,true,false,false,16.42,53.36,20.52,57.46,45,3.79,0.027,712.5,11.04,133,0.848,0.13,0.12,0.2,0.8,6.9,4.5,10.1,3.2,4.5,52,111.7,0.3
221012-Exp-1-A1-3-265,221012,221012-Exp-1-A1-3,265,13,5,0,0,false,false,false,20.52,53.36,24.63,57.46,74,1.87,0.044,1171.67,18.16,,,0.22,0.13,0.2,1.9,26.1,4.5,14.3,3.2,7.2,14.9,148,0.6
221012-Exp-1-A1-3-266,221012,221012-Exp-1-A1-3,266,13,6,127,0,true,false,false,24.63,53.36,28.73,57.46,90,2.13,0.053,1425,22.09,309,0.851,0.17,0.12,0.2,1.8,26.1,4.5,10.1,3.2,7.2,40.7,246.5,0.4
221012-Exp-1-A1-3-267,221012,221012-Exp-1-A1-3,267,13,7,128,0,true,false,false,28.73,53.36,32.83,57.46,59,2.87,0.035,934.17,14.48,121,0.753,0.15,0.11,0.2,2.1,15.5,4.5,14.3,3.2,7.2,41.2,143.6,0.4
221012-Exp-1-A1-3-268,221012,221012-Exp-1-A1-3,268,13,8,0,0,false,false,false,32.83,53.36,36.94,57.46,7,5.44,0.004,110.83,1.72,,,0.14,0.13,0.2,0.2,1.2,4.5,7.2,3.2,3.6,1,2.6,0.3
221012-Exp-1-A1-3-269,221012,221012-Exp-1-A1-3,269,13,9,0,0,false,false,false,36.94,53.36,41.04,57.46,16,3.15,0.009,253.33,3.93,,,0.37,0.13,0.3,1.6,6.9,6.4,10.1,3.2,6.4,14.2,42.3,0.7
221012-Exp-1-A1-3-270,221012,221012-Exp-1-A1-3,270,13,10,0,0,false,false,false,41.04,53.36,45.15,57.46,17,5.89,0.01,269.17,4.17,,,0.17,0.13,0.2,0.5,3.4,6.4,9.6,3.2,7.2,6.5,24.8,0.3
221012-Exp-1-A1-3-271,221012,221012-Exp-1-A1-3,271,13,11,0,0,false,false,false,45.15,53.36,49.25,57.46,0,,,,,,,,,,,,,,,,,,
221012-Exp-1-A1-3-272,221012,221012-Exp-1-A1-3,272,13,12,0,0,false,false,false,49.25,53.36,53.36,57.46,0,,,,,,,,,,,,,,,,,,
221012-Exp-1-A1-3-273,221012,221012-Exp-1-A1-3,273,13,13,0,0,false,false,false,53.36,53.36,57.46,57.46,0,,,,,,,,,,,,,,,,,,
221012-Exp-1-A1-3-274,221012,221012-Exp-1-A1-3,274,13,14,0,0,false,false,false,57.46,53.36,61.56,57.46,0,,,,,,,,,,,,,,,,,,
221012-Exp-1-A1-3-275,221012,221012-Exp-1-A1-3,275,13,15,0,0,false,false,false,61.56,53.36,65.67,57.46,0,,,,,,,,,,,,,,,,,,
221012-Exp-1-A1-3-276,221012,221012-Exp-1-A1-3,276,13,16,0,0,false,false,false,65.67,53.36,69.77,57.46,0,,,,,,,,,,,,,,,,,,
221012-Exp-1-A1-3-277,221012,221012-Exp-1-A1-3,277,13,17,0,0,false,false,false,69.77,53.36,73.88,57.46,0,,,,,,,,,,,,,,,,,,
221012-Exp-1-A1-3-278,221012,221012-Exp-1-A1-3,278,13,18,0,0,false,false,false,73.88,53.36,77.98,57.46,0,,,,,,,,,,,,,,,,,,
221012-Exp-1-A1-3-279,221012,221012-Exp-1-A1-3,279,13,19,0,0,false,false,false,77.98,53.36,82.09,57.46,0,,,,,,,,,,,,,,,,,,
221012-Exp-1-A1-3-280,221012,221012-Exp-1-A1-3,280,14,0,0,0,false,false,false,0,57.46,4.1,61.56,0,,,,,,,,,,,,,,,,,,
221012-Exp-1-A1-3-281,221012,221012-Exp-1-A1-3,281,14,1,0,0,false,false,false,4.1,57.46,8.21,61.56,21,3.94,0.012,332.5,5.15,,,0.22,0.23,0.2,0.5,3.9,6.4,10.1,3.2,7.2,2.3,10.4,0.3
221012-Exp-1-A1-3-282,221012,221012-Exp-1-A1-3,282,14,2,129,0,true,false,false,8.21,57.46,12.31,61.56,73,2.81,0.043,1155.83,17.91,494,0.522,0.3,0.28,0.2,1.3,18.4,7.2,16,3.2,11.6,50.2,120.3,0.4
221012-Exp-1-A1-3-283,221012,221012-Exp-1-A1-3,283,14,3,130,0,true,false,false,12.31,57.46,16.42,61.56,101,2.18,0.06,1599.17,24.79,213,0.654,0.24,0.23,0.2,1.3,27.5,7.2,16.3,3.2,10.1,54.7,173.2,0.4
221012-Exp-1-A1-3-284,221012,221012-Exp-1-A1-3,284,14,4,131,0,true,false,false,16.42,57.46,20.52,61.56,72,2.42,0.043,1140,17.67,60,0.766,0.25,0.16,0.2,1.5,21.1,6.4,13.2,3.2,7.2,19.2,128.2,0.5
221012-Exp-1-A1-3-285,221012,221012-Exp-1-A1-3,285,14,5,132,0,true,false,false,20.52,57.46,24.63,61.56,57,2.06,0.034,902.5,13.99,30,0.832,0.22,0.13,0.2,1.5,18.3,6.4,14.3,3.2,7.2,45.7,182,0.6
221012-Exp-1-A1-3-286,221012,221012-Exp-1-A1-3,286,14,6,133,0,true,false,false,24.63,57.46,28.73,61.56,77,5.72,0.046,1219.17,18.9,278,0.756,0.26,0.31,0.2,2.9,19,7.2,16.3,3.2,10.1,4.6,33.1,0.3
221012-Exp-1-A1-3-287,221012,221012-Exp-1-A1-3,287,14,7,0,0,false,false,false,28.73,57.46,32.83,61.56,3,5.69,0.002,47.5,0.74,,,11.88,0.2,2.5,5.5,8.2,7.2,10.1,3.2,4.5,12.9,14.9,1.4
221012-Exp-1-A1-3-288,221012,221012-Exp-1-A1-3,288,14,8,134,0,true,false,false,32.83,57.46,36.94,61.56,40,3.84,0.024,633.33,9.82,70,0.768,0.22,0.21,0.2,0.8,8.8,5.5,11.6,3.2,10.1,2,14.8,0.3
221012-Exp-1-A1-3-289,221012,221012-Exp-1-A1-3,289,14,9,135,0,true,false,false,36.94,57.46,41.04,61.56,80,1.86,0.047,1266.67,19.63,290,0.755,0.35,0.18,0.2,1.3,29.7,7.2,16,3.2,10.1,30.3,177.5,0.6
221012-Exp-1-A1-3-290,221012,221012-Exp-1-A1-3,290,14,10,0,0,false,false,false,41.04,57.46,45.15,61.56,9,3.55,0.005,142.5,2.21,,,0.23,0.17,0.2,1.1,4.1,4.5,10.1,3.2,4.5,3.6,10.2,0.4
221012-Exp-1-A1-3-291,221012,221012-Exp-1-A1-3,291,14,11,0,0,false,false,false,45.15,57.46,49.25,61.56,0,,,,,,,,,,,,,,,,,,
221012-Exp-1-A1-3-292,221012,221012-Exp-1-A1-3,292,14,12,0,0,false,false,false,49.25,57.46,53.36,61.56,0,,,,,,,,,,,,,,,,,,
221012-Exp-1-A1-3-293,221012,221012-Exp-1-A1-3,293,14,13,0,0,false,false,false,53.36,57.46,57.46,61.56,1,9.95,0.001,15.83,0.25,,,0.26,0.51,0.3,0.3,0.3,10.1,10.1,4.5,4.5,0.2,0.2,0.2
221012-Exp-1-A1-3-294,221012,221012-Exp-1-A1-3,294,14,14,0,0,false,false,false,57.46,57.46,61.56,61.56,0,,,,,,,,,,,,,,,,,,
221012-Exp-1-A1-3-295,221012,221012-Exp-1-A1-3,295,14,15,0,0,false,false,false,61.56,57.46,65.67,61.56,0,,,,,,,,,,,,,,,,,,
221012-Exp-1-A1-3-296,221012,221012-Exp-1-A1-3,296,14,16,0,0,false,false,false,65.67,57.46,69.77,61.56,0,,,,,,,,,,,,,,,,,,
221012-Exp-1-A1-3-297,221012,221012-Exp-1-A1-3,297,14,17,0,0,false,false,false,69.77,57.46,73.88,61.56,0,,,,,,,,,,,,,,,,,,
221012-Exp-1-A1-3-298,221012,221012-Exp-1-A1-3,298,14,18,0,0,false,false,false,73.88,57.46,77.98,61.56,0,,,,,,,,,,,,,,,,,,
221012-Exp-1-A1-3-299,221012,221012-Exp-1-A1-3,299,14,19,0,0,false,false,false,77.98,57.46,82.09,61.56,0,,,,,,,,,,,,,,,,,,
221012-Exp-1-A1-3-300,221012,221012-Exp-1-A1-3,300,15,0,0,0,false,false,false,0,61.56,4.1,65.67,6,4.61,0.004,95,1.47,,,0.62,0.28,0.3,0.8,2,8.4,11.6,3.4,11.6,2.3,3.7,0.3
221012-Exp-1-A1-3-301,221012,221012-Exp-1-A1-3,301,15,1,136,0,true,false,false,4.1,61.56,8.21,65.67,85,2.29,0.05,1345.83,20.86,192,0.819,0.27,0.22,0.2,1,20.6,6.4,16,3.2,11.6,12.5,63.1,0.4
221012-Exp-1-A1-3-302,221012,221012-Exp-1-A1-3,302,15,2,137,0,true,false,false,8.21,61.56,12.31,65.67,111,2.49,0.066,1757.5,27.24,179,0.7,0.28,0.24,0.2,1.1,31.6,7.2,16.3,3.2,10.1,60.5,139.7,0.4
221012-Exp-1-A1-3-303,221012,221012-Exp-1-A1-3,303,15,3,138,0,true,false,false,12.31,61.56,16.42,65.67,105,3.83,0.062,1662.5,25.77,280,0.858,0.26,0.26,0.2,0.9,25.4,7.2,14.3,3.2,11.6,2.5,48.4,0.3
221012-Exp-1-A1-3-304,221012,221012-Exp-1-A1-3,304,15,4,0,0,false,false,false,16.42,61.56,20.52,65.67,0,,,,,,,,,,,,,,,,,,
221012-Exp-1-A1-3-305,221012,221012-Exp-1-A1-3,305,15,5,139,0,true,false,false,20.52,61.56,24.63,65.67,53,2.29,0.031,839.17,13.01,367,0.648,0.19,0.14,0.2,1.7,17,4.5,16,3.2,6.4,24.3,102.7,0.5
221012-Exp-1-A1-3-306,221012,221012-Exp-1-A1-3,306,15,6,0,0,false,false,false,24.63,61.56,28.73,65.67,4,4.9,0.002,63.33,0.98,,,0.24,0.16,0.3,0.7,1.3,4.5,9.6,3.4,4.5,0.6,1.4,0.3
221012-Exp-1-A1-3-307,221012,221012-Exp-1-A1-3,307,15,7,0,0,false,false,false,28.73,61.56,32.83,65.67,9,3.18,0.005,142.5,2.21,,,0.18,0.18,0.2,1.7,2.8,7.2,11.6,3.2,3.6,9.5,24,1.3
221012-Exp-1-A1-3-308,221012,221012-Exp-1-A1-3,308,15,8,0,0,false,false,false,32.83,61.56,36.94,65.67,6,4.61,0.004,95,1.47,,,0.21,0.14,0.2,0.5,1.5,5.9,7.2,3.2,4.5,12.2,13.2,0.2
221012-Exp-1-A1-3-309,221012,221012-Exp-1-A1-3,309,15,9,140,0,true,false,false,36.94,61.56,41.04,65.67,30,3.25,0.018,475,7.36,552,0.441,0.4,0.13,0.2,2.9,15.4,6.4,13.6,3.2,4.5,35.9,162.9,1
221012-Exp-1-A1-3-310,221012,221012-Exp-1-A1-3,310,15,10,141,0,true,false,false,41.04,61.56,45.15,65.67,80,3.54,0.047,1266.67,19.63,126,0.855,0.13,0.13,0.2,1.3,14.4,4.5,9.6,3.2,9.1,7.9,47,0.3
221012-Exp-1-A1-3-311,221012,221012-Exp-1-A1-3,311,15,11,0,0,false,false,false,45.15,61.56,49.25,65.67,0,,,,,,,,,,,,,,,,,,
221012-Exp-1-A1-3-312,221012,221012-Exp-1-A1-3,312,15,12,0,0,false,false,false,49.25,61.56,53.36,65.67,0,,,,,,,,,,,,,,,,,,
221012-Exp-1-A1-3-313,221012,221012-Exp-1-A1-3,313,15,13,0,0,false,false,false,53.36,61.56,57.46,65.67,0,,,,,,,,,,,,,,,,,,
221012-Exp-1-A1-3-314,221012,221012-Exp-1-A1-3,314,15,14,0,0,false,false,false,57.46,61.56,61.56,65.67,0,,,,,,,,,,,,,,,,,,
221012-Exp-1-A1-3-315,221012,221012-Exp-1-A1-3,315,15,15,0,0,false,false,false,61.56,61.56,65.67,65.67,1,9.95,0.001,15.83,0.25,,,0.56,0.9,0.4,0.4,0.4,9.1,9.1,9.1,9.1,0.2,0.2,0.2
221012-Exp-1-A1-3-316,221012,221012-Exp-1-A1-3,316,15,16,0,0,false,false,false,65.67,61.56,69.77,65.67,1,9.95,0.001,15.83,0.25,,,0.34,0.34,0.2,0.2,0.2,7.2,7.2,3.2,3.2,0.2,0.2,0.2
221012-Exp-1-A1-3-317,221012,221012-Exp-1-A1-3,317,15,17,0,0,false,false,false,69.77,61.56,73.88,65.67,0,,,,,,,,,,,,,,,,,,
221012-Exp-1-A1-3-318,221012,221012-Exp-1-A1-3,318,15,18,0,0,false,false,false,73.88,61.56,77.98,65.67,0,,,,,,,,,,,,,,,,,,
221012-Exp-1-A1-3-319,221012,221012-Exp-1-A1-3,319,15,19,0,0,false,false,false,77.98,61.56,82.09,65.67,0,,,,,,,,,,,,,,,,,,
221012-Exp-1-A1-3-320,221012,221012-Exp-1-A1-3,320,16,0,0,0,false,false,false,0,65.67,4.1,69.77,5,5.92,0.003,79.17,1.23,,,0.13,0.06,0.2,0.2,0.5,3.2,7.2,3.2,7.2,0.2,0.6,0.1
221012-Exp-1-A1-3-321,221012,221012-Exp-1-A1-3,321,16,1,142,0,true,false,false,4.1,65.67,8.21,69.77,36,2.76,0.021,570,8.83,83,0.952,0.17,0.17,0.2,0.6,6.8,4.5,11.6,3.2,7.2,2.8,17.9,0.2
221012-Exp-1-A1-3-322,221012,221012-Exp-1-A1-3,322,16,2,0,0,false,false,false,8.21,65.67,12.31,69.77,19,4.19,0.011,300.83,4.66,,,0.19,0.19,0.2,0.9,4.3,6.4,11.6,3.2,7.2,2,8.8,0.2
221012-Exp-1-A1-3-323,221012,221012-Exp-1-A1-3,323,16,3,143,0,true,false,false,12.31,65.67,16.42,69.77,30,4.23,0.018,475,7.36,169,0.802,0.16,0.15,0.2,1.2,5.9,4.5,11.6,3.2,4.5,6.1,16.8,0.2
221012-Exp-1-A1-3-324,221012,221012-Exp-1-A1-3,324,16,4,144,0,true,false,false,16.42,65.67,20.52,69.77,25,3.55,0.015,395.83,6.13,46,0.792,0.19,0.18,0.2,0.6,5.9,6.4,16,3.2,7.2,1.4,7.4,0.2
221012-Exp-1-A1-3-325,221012,221012-Exp-1-A1-3,325,16,5,145,0,true,false,false,20.52,65.67,24.63,69.77,95,2.72,0.056,1504.17,23.31,278,0.663,0.41,0.32,0.2,1.1,28.2,9.1,17.3,4.5,11.6,5.2,67.5,0.4
221012-Exp-1-A1-3-326,221012,221012-Exp-1-A1-3,326,16,6,0,0,false,false,false,24.63,65.67,28.73,69.77,4,7.84,0.002,63.33,0.98,,,0.09,0.07,0,0.4,0.4,2.3,10.1,1.6,3.2,0.6,1.4,0.4
221012-Exp-1-A1-3-327,221012,221012-Exp-1-A1-3,327,16,7,0,0,false,false,false,28.73,65.67,32.83,69.77,1,9.95,0.001,15.83,0.25,,,0.13,0.19,0.2,0.2,0.2,4.5,4.5,4.5,4.5,0.1,0.1,0.1
221012-Exp-1-A1-3-328,221012,221012-Exp-1-A1-3,328,16,8,0,0,false,false,false,32.83,65.67,36.94,69.77,6,3.96,0.004,95,1.47,,,0.37,0.16,0.3,2.4,4,7.2,10.1,3.2,7.2,1.9,5.8,0.9
221012-Exp-1-A1-3-329,221012,221012-Exp-1-A1-3,329,16,9,146,0,true,false,false,36.94,65.67,41.04,69.77,51,2.33,0.03,807.5,12.52,46,0.948,0.39,0.21,0.4,3.5,29.2,7.2,16.3,3.2,10.1,50.8,160.9,0.4
221012-Exp-1-A1-3-330,221012,221012-Exp-1-A1-3,330,16,10,0,0,false,false,false,41.04,65.67,45.15,69.77,32,3.88,0.019,506.67,7.85,,,0.28,0.24,0.2,1.6,9.8,7.2,14.3,3.2,9.6,5.6,38.6,0.5
221012-Exp-1-A1-3-331,221012,221012-Exp-1-A1-3,331,16,11,0,0,false,false,false,45.15,65.67,49.25,69.77,0,,,,,,,,,,,,,,,,,,
221012-Exp-1-A1-3-332,221012,221012-Exp-1-A1-3,332,16,12,0,0,false,false,false,49.25,65.67,53.36,69.77,1,9.95,0.001,15.83,0.25,,,0.09,0.17,0,0,0,4.5,4.5,4.5,4.5,0.2,0.2,0.2
221012-Exp-1-A1-3-333,221012,221012-Exp-1-A1-3,333,16,13,0,0,false,false,false,53.36,65.67,57.46,69.77,0,,,,,,,,,,,,,,,,,,
221012-Exp-1-A1-3-334,221012,221012-Exp-1-A1-3,334,16,14,0,0,false,false,false,57.46,65.67,61.56,69.77,0,,,,,,,,,,,,,,,,,,
221012-Exp-1-A1-3-335,221012,221012-Exp-1-A1-3,335,16,15,0,0,false,false,false,61.56,65.67,65.67,69.77,0,,,,,,,,,,,,,,,,,,
221012-Exp-1-A1-3-336,221012,221012-Exp-1-A1-3,336,16,16,0,0,false,false,false,65.67,65.67,69.77,69.77,0,,,,,,,,,,,,,,,,,,
221012-Exp-1-A1-3-337,221012,221012-Exp-1-A1-3,337,16,17,0,0,false,false,false,69.77,65.67,73.88,69.77,0,,,,,,,,,,,,,,,,,,
221012-Exp-1-A1-3-338,221012,221012-Exp-1-A1-3,338,16,18,0,0,false,false,false,73.88,65.67,77.98,69.77,0,,,,,,,,,,,,,,,,,,
221012-Exp-1-A1-3-339,221012,221012-Exp-1-A1-3,339,16,19,0,0,false,false,false,77.98,65.67,82.09,69.77,0,,,,,,,,,,,,,,,,,,
221012-Exp-1-A1-3-340,221012,221012-Exp-1-A1-3,340,17,0,0,0,false,false,false,0,69.77,4.1,73.88,0,,,,,,,,,,,,,,,,,,
221012-Exp-1-A1-3-341,221012,221012-Exp-1-A1-3,341,17,1,0,0,false,false,false,4.1,69.77,8.21,73.88,0,,,,,,,,,,,,,,,,,,
221012-Exp-1-A1-3-342,221012,221012-Exp-1-A1-3,342,17,2,0,0,false,false,false,8.21,69.77,12.31,73.88,14,3.5,0.008,221.67,3.44,,,0.21,0.16,0.2,1.2,3.6,6.4,9.1,3.2,9.1,1.3,5.5,0.2
221012-Exp-1-A1-3-343,221012,221012-Exp-1-A1-3,343,17,3,147,0,true,false,false,12.31,69.77,16.42,73.88,42,2.78,0.025,665,10.31,301,0.603,0.21,0.21,0.2,0.6,8.8,5.7,17.3,3.2,9.1,5.5,26.9,0.4
221012-Exp-1-A1-3-344,221012,221012-Exp-1-A1-3,344,17,4,148,0,true,false,false,16.42,69.77,20.52,73.88,22,4.88,0.013,348.33,5.4,319,0.598,0.19,0.17,0.2,1.5,4.3,5.5,10.1,3.2,4.5,33.6,60.3,0.3
221012-Exp-1-A1-3-345,221012,221012-Exp-1-A1-3,345,17,5,149,0,true,false,false,20.52,69.77,24.63,73.88,105,1.67,0.062,1662.5,25.77,162,0.834,0.26,0.15,0.2,1.5,32.2,6.4,14.3,3.2,9.1,24.5,208.2,0.4
221012-Exp-1-A1-3-346,221012,221012-Exp-1-A1-3,346,17,6,150,0,true,false,false,24.63,69.77,28.73,73.88,55,3.57,0.033,870.83,13.5,357,0.566,0.26,0.26,0.2,0.8,13.8,7.2,16.3,3.2,7.2,15.4,66.1,0.4
221012-Exp-1-A1-3-347,221012,221012-Exp-1-A1-3,347,17,7,0,0,false,false,false,28.73,69.77,32.83,73.88,10,4.58,0.006,158.33,2.45,,,0.12,0.13,0.2,0.3,1.6,4.5,7.2,3.2,4.5,2,4.6,0.3
221012-Exp-1-A1-3-348,221012,221012-Exp-1-A1-3,348,17,8,0,0,false,false,false,32.83,69.77,36.94,73.88,10,4.36,0.006,158.33,2.45,,,0.18,0.16,0.2,0.4,1.6,4.5,7.2,3.2,7.2,0.4,2,0.2
221012-Exp-1-A1-3-349,221012,221012-Exp-1-A1-3,349,17,9,151,0,true,false,false,36.94,69.77,41.04,73.88,68,2.94,0.04,1076.67,16.69,216,0.678,0.27,0.22,0.2,1.6,21.4,7.2,16,3.2,11.6,16,99.3,0.3
221012-Exp-1-A1-3-350,221012,221012-Exp-1-A1-3,350,17,10,152,0,true,false,false,41.04,69.77,45.15,73.88,71,3.84,0.042,1124.17,17.42,220,0.681,0.23,0.23,0.2,1.5,19.2,7.2,16,3.2,9.6,7.6,81.4,0.5
221012-Exp-1-A1-3-351,221012,221012-Exp-1-A1-3,351,17,11,0,0,false,false,false,45.15,69.77,49.25,73.88,0,,,,,,,,,,,,,,,,,,
221012-Exp-1-A1-3-352,221012,221012-Exp-1-A1-3,352,17,12,0,0,false,false,false,49.25,69.77,53.36,73.88,0,,,,,,,,,,,,,,,,,,
221012-Exp-1-A1-3-353,221012,221012-Exp-1-A1-3,353,17,13,0,0,false,false,false,53.36,69.77,57.46,73.88,0,,,,,,,,,,,,,,,,,,
221012-Exp-1-A1-3-354,221012,221012-Exp-1-A1-3,354,17,14,0,0,false,false,false,57.46,69.77,61.56,73.88,0,,,,,,,,,,,,,,,,,,
221012-Exp-1-A1-3-355,221012,221012-Exp-1-A1-3,355,17,15,0,0,false,false,false,61.56,69.77,65.67,73.88,0,,,,,,,,,,,,,,,,,,
221012-Exp-1-A1-3-356,221012,221012-Exp-1-A1-3,356,17,16,0,0,false,false,false,65.67,69.77,69.77,73.88,0,,,,,,,,,,,,,,,,,,
221012-Exp-1-A1-3-357,221012,221012-Exp-1-A1-3,357,17,17,0,0,false,false,false,69.77,69.77,73.88,73.88,0,,,,,,,,,,,,,,,,,,
221012-Exp-1-A1-3-358,221012,221012-Exp-1-A1-3,358,17,18,0,0,false,false,false,73.88,69.77,77.98,73.88,0,,,,,,,,,,,,,,,,,,
221012-Exp-1-A1-3-359,221012,221012-Exp-1-A1-3,359,17,19,0,0,false,false,false,77.98,69.77,82.09,73.88,0,,,,,,,,,,,,,,,,,,
221012-Exp-1-A1-3-360,221012,221012-Exp-1-A1-3,360,18,0,0,0,false,false,false,0,73.88,4.1,77.98,0,,,,,,,,,,,,,,,,,,
221012-Exp-1-A1-3-361,221012,221012-Exp-1-A1-3,361,18,1,0,0,false,false,false,4.1,73.88,8.21,77.98,4,6.04,0.002,63.33,0.98,,,0.25,0.28,0.4,0.6,1.5,7.2,10.1,3.2,6.4,1.3,2.6,0.5
221012-Exp-1-A1-3-362,221012,221012-Exp-1-A1-3,362,18,2,0,0,false,false,false,8.21,73.88,12.31,77.98,7,4.17,0.004,110.83,1.72,,,0.15,0.16,0.2,0.5,2,7.2,9.1,3.2,4.5,11.5,15.9,0.3
221012-Exp-1-A1-3-363,221012,221012-Exp-1-A1-3,363,18,3,0,0,false,false,false,12.31,73.88,16.42,77.98,7,4.17,0.004,110.83,1.72,,,0.17,0.14,0.2,0.5,1.3,4.5,7.2,3.2,4.5,1.6,3.7,0.4
221012-Exp-1-A1-3-364,221012,221012-Exp-1-A1-3,364,18,4,153,0,true,false,false,16.42,73.88,20.52,77.98,85,1.89,0.05,1345.83,20.86,52,0.773,0.26,0.21,0.2,1.4,28.5,7.2,17.3,3.2,11.6,7.4,88.7,0.5
221012-Exp-1-A1-3-365,221012,221012-Exp-1-A1-3,365,18,5,154,0,true,false,false,20.52,73.88,24.63,77.98,58,1.88,0.034,918.33,14.23,55,0.864,0.29,0.13,0.2,2.6,21,6.4,16.3,3.2,10.1,30.5,128.9,0.6
221012-Exp-1-A1-3-366,221012,221012-Exp-1-A1-3,366,18,6,155,0,true,false,false,24.63,73.88,28.73,77.98,44,3.36,0.026,696.67,10.8,218,0.63,0.2,0.19,0.2,0.8,9,7.2,11.6,3.2,10.1,21.1,68.2,0.5
221012-Exp-1-A1-3-367,221012,221012-Exp-1-A1-3,367,18,7,0,0,false,false,false,28.73,73.88,32.83,77.98,0,,,,,,,,,,,,,,,,,,
221012-Exp-1-A1-3-368,221012,221012-Exp-1-A1-3,368,18,8,0,0,false,false,false,32.83,73.88,36.94,77.98,2,9.95,0.001,31.67,0.49,,,0.32,0.29,0.2,0.2,0.4,5.9,7.2,5.9,7.2,0.1,0.2,0.1
221012-Exp-1-A1-3-369,221012,221012-Exp-1-A1-3,369,18,9,0,0,false,false,false,36.94,73.88,41.04,77.98,10,4.12,0.006,158.33,2.45,,,0.15,0.17,0.2,0.5,2,4.5,7.2,3.2,6.4,7.2,11.1,0.2
221012-Exp-1-A1-3-370,221012,221012-Exp-1-A1-3,370,18,10,156,0,true,false,false,41.04,73.88,45.15,77.98,45,6.88,0.027,712.5,11.04,73,0.943,0.3,0.22,0.2,0.7,10.2,7.2,11.6,4.5,10.1,3.1,23.2,0.3
221012-Exp-1-A1-3-371,221012,221012-Exp-1-A1-3,371,18,11,0,0,false,false,false,45.15,73.88,49.25,77.98,0,,,,,,,,,,,,,,,,,,
221012-Exp-1-A1-3-372,221012,221012-Exp-1-A1-3,372,18,12,0,0,false,false,false,49.25,73.88,53.36,77.98,0,,,,,,,,,,,,,,,,,,
221012-Exp-1-A1-3-373,221012,221012-Exp-1-A1-3,373,18,13,0,0,false,false,false,53.36,73.88,57.46,77.98,0,,,,,,,,,,,,,,,,,,
221012-Exp-1-A1-3-374,221012,221012-Exp-1-A1-3,374,18,14,0,0,false,false,false,57.46,73.88,61.56,77.98,0,,,,,,,,,,,,,,,,,,
221012-Exp-1-A1-3-375,221012,221012-Exp-1-A1-3,375,18,15,0,0,false,false,false,61.56,73.88,65.67,77.98,0,,,,,,,,,,,,,,,,,,
221012-Exp-1-A1-3-376,221012,221012-Exp-1-A1-3,376,18,16,0,0,false,false,false,65.67,73.88,69.77,77.98,0,,,,,,,,,,,,,,,,,,
221012-Exp-1-A1-3-377,221012,221012-Exp-1-A1-3,377,18,17,0,0,false,false,false,69.77,73.88,73.88,77.98,0,,,,,,,,,,,,,,,,,,
221012-Exp-1-A1-3-378,221012,221012-Exp-1-A1-3,378,18,18,0,0,false,false,false,73.88,73.88,77.98,77.98,0,,,,,,,,,,,,,,,,,,
221012-Exp-1-A1-3-379,221012,221012-Exp-1-A1-3,379,18,19,0,0,false,false,false,77.98,73.88,82.09,77.98,0,,,,,,,,,,,,,,,,,,
221012-Exp-1-A1-3-380,221012,221012-Exp-1-A1-3,380,19,0,0,0,false,false,false,0,77.98,4.1,82.09,1,9.95,0.001,15.83,0.25,,,0.04,0.09,0,0,0,3.2,3.2,3.2,3.2,0.2,0.2,0.2
221012-Exp-1-A1-3-381,221012,221012-Exp-1-A1-3,381,19,1,0,0,false,false,false,4.1,77.98,8.21,82.09,3,5.69,0.002,47.5,0.74,,,0.21,0.13,0.2,0.2,0.3,3.4,4.5,3.2,3.2,0.3,0.6,0.2
221012-Exp-1-A1-3-382,221012,221012-Exp-1-A1-3,382,19,2,0,0,false,false,false,8.21,77.98,12.31,82.09,0,,,,,,,,,,,,,,,,,,
221012-Exp-1-A1-3-383,221012,221012-Exp-1-A1-3,383,19,3,0,0,false,false,false,12.31,77.98,16.42,82.09,1,9.95,0.001,15.83,0.25,,,0.26,0.13,0.2,0.2,0.2,4.5,4.5,4.5,4.5,0.1,0.1,0.1
221012-Exp-1-A1-3-384,221012,221012-Exp-1-A1-3,384,19,4,157,0,true,false,false,16.42,77.98,20.52,82.09,41,3.96,0.024,649.17,10.06,98,0.793,0.34,0.23,0.2,1.5,13.1,7.2,16.3,3.2,10.1,4,26.8,0.4
221012-Exp-1-A1-3-385,221012,221012-Exp-1-A1-3,385,19,5,158,0,true,false,false,20.52,77.98,24.63,82.09,34,2.5,0.02,538.33,8.34,64,0.946,0.26,0.19,0.2,1.1,11.2,7.2,11.6,3.2,10.1,10,38.7,0.3
221012-Exp-1-A1-3-386,221012,221012-Exp-1-A1-3,386,19,6,159,0,true,false,false,24.63,77.98,28.73,82.09,39,3.38,0.023,617.5,9.57,114,0.841,0.26,0.21,0.2,2.1,13.9,7.2,16,3.2,11.6,7.9,47.9,0.3
221012-Exp-1-A1-3-387,221012,221012-Exp-1-A1-3,387,19,7,0,0,false,false,false,28.73,77.98,32.83,82.09,4,7.84,0.002,63.33,0.98,,,0.15,0.14,0.2,0.2,0.6,5.5,7.2,3.2,3.2,2,4.5,1.2
221012-Exp-1-A1-3-388,221012,221012-Exp-1-A1-3,388,19,8,0,0,false,false,false,32.83,77.98,36.94,82.09,0,,,,,,,,,,,,,,,,,,
221012-Exp-1-A1-3-389,221012,221012-Exp-1-A1-3,389,19,9,0,0,false,false,false,36.94,77.98,41.04,82.09,0,,,,,,,,,,,,,,,,,,
221012-Exp-1-A1-3-390,221012,221012-Exp-1-A1-3,390,19,10,0,0,false,false,false,41.04,77.98,45.15,82.09,0,,,,,,,,,,,,,,,,,,
221012-Exp-1-A1-3-391,221012,221012-Exp-1-A1-3,391,19,11,0,0,false,false,false,45.15,77.98,49.25,82.09,0,,,,,,,,,,,,,,,,,,
221012-Exp-1-A1-3-392,221012,221012-Exp-1-A1-3,392,19,12,0,0,false,false,false,49.25,77.98,53.36,82.09,0,,,,,,,,,,,,,,,,,,
221012-Exp-1-A1-3-393,221012,221012-Exp-1-A1-3,393,19,13,0,0,false,false,false,53.36,77.98,57.46,82.09,0,,,,,,,,,,,,,,,,,,
221012-Exp-1-A1-3-394,221012,221012-Exp-1-A1-3,394,19,14,0,0,false,false,false,57.46,77.98,61.56,82.09,0,,,,,,,,,,,,,,,,,,
221012-Exp-1-A1-3-395,221012,221012-Exp-1-A1-3,395,19,15,0,0,false,false,false,61.56,77.98,65.67,82.09,0,,,,,,,,,,,,,,,,,,
221012-Exp-1-A1-3-396,221012,221012-Exp-1-A1-3,396,19,16,0,0,false,false,false,65.67,77.98,69.77,82.09,0,,,,,,,,,,,,,,,,,,
221012-Exp-1-A1-3-397,221012,221012-Exp-1-A1-3,397,19,17,0,0,false,false,false,69.77,77.98,73.88,82.09,0,,,,,,,,,,,,,,,,,,
221012-Exp-1-A1-3-398,221012,221012-Exp-1-A1-3,398,19,18,0,0,false,false,false,73.88,77.98,77.98,82.09,0,,,,,,,,,,,,,,,,,,
221012-Exp-1-A1-3-399,221012,221012-Exp-1-A1-3,399,19,19,0,0,false,false,false,77.98,77.98,82.09,82.09,0,,,,,,,,,,,,,,,,,,